ACH-EPN-AN01,7705-SAR8,TiMOS-B-6.1.R6
ACH-HMC-AN01,7705-SAR8,TiMOS-B-6.1.R6
ACH-HMC-DN01,7750-SR7,TiMOS-C-12.0.R2
ACH-MGG-AN01,7705-SAR8,TiMOS-B-6.1.R6
ACH-MGG-DN01,7750-SR7,TiMOS-C-12.0.R2
ACH-PAC-AN01,7705-SAR8,TiMOS-B-6.1.R6
ACH-PAC-DN01,7750-SRc12,TiMOS-B-12.0.R2
ACH-PDI-DN01,7750-SRc12,TiMOS-B-12.0.R2
AMZ-BGC-AN01,7705-SAR8,TiMOS-B-6.1.R6
AMZ-LMD-DN01,7750-SRc12,TiMOS-B-12.0.R2
APM-ABC-AN01,7705-SAR8,TiMOS-B-6.1.R6
APM-ABC-DN01,7750-SR7,TiMOS-C-12.0.R2
APM-ADH-DN01,7750-SRc12,TiMOS-B-12.0.R2
APM-CHH-AN01,7705-SAR8,TiMOS-B-6.1.R6
APM-URP-DN01,7750-SRc12,TiMOS-B-12.0.R2
ARQ-CGL-AN01,7705-SAR8,TiMOS-B-6.1.R6
ARQ-EPR-AN01,7705-SAR8,TiMOS-B-6.1.R6
ARQ-EPR-AN02,7705-SAR8,TiMOS-B-6.1.R6
ARQ-EPR-AN03,7705-SAR8v2,TiMOS-B-6.1.R6
ARQ-EPR-CN01,7750-SR12,TiMOS-C-12.0.R2
ARQ-EPR-CN02,7750-SR12,TiMOS-C-12.0.R2
ARQ-FRB-AN01,7705-SAR8,TiMOS-B-6.1.R6
ARQ-FRB-DN01,7750-SRc12,TiMOS-B-12.0.R2
ARQ-MGT-AN01,7705-SAR8,TiMOS-B-6.1.R6
ARQ-MGT-DN01,7750-SR7,TiMOS-C-12.0.R2
ARQ-PDC-AN01,7705-SAR8,TiMOS-B-6.1.R6
ARQ-PDC-DN01,7750-SRc12,TiMOS-B-12.0.R2
ARQ-PDI-DN01,7750-SR7,TiMOS-C-12.0.R2
ARQ-RCL-AN01,7705-SAR8,TiMOS-B-6.1.R6
ARQ-RCL-DN01,7750-SRc12,TiMOS-B-12.0.R2
ARQ-TBY-AN01,7705-SAR8,TiMOS-B-6.1.R6
ARQ-TBY-DN01,7750-SRc12,TiMOS-B-12.0.R2
AYA-AYA-AN01,7705-SAR8,TiMOS-B-6.1.R6
AYA-AYM-AN01,7705-SAR8,TiMOS-B-6.1.R6
AYA-AYM-DN01,7750-SR7,TiMOS-C-12.0.R8
AYA-CYA-AN01,7705-SAR8,TiMOS-B-6.1.R6
AYA-JMA-AN01,7705-SAR8,TiMOS-B-6.1.R6
CJM-ATH-AN01,7705-SAR8,TiMOS-B-6.1.R6
CJM-ATH-DN01,7750-SR7,TiMOS-C-12.0.R2
CJM-CJC-AN01,7705-SAR8,TiMOS-B-6.1.R6
CJM-CJC-DN01,7750-SRc12,TiMOS-B-12.0.R2
CJM-DAG-AN01,7705-SAR8,TiMOS-B-6.1.R6
CJM-DAG-DN01,7750-SR7,TiMOS-C-12.0.R2
CJM-K24-AN01,7705-SAR8,TiMOS-B-6.1.R6
CJM-SAP-AN01,7705-SAR8,TiMOS-B-6.1.R6
CJM-SAP-DN01,7750-SRc12,TiMOS-B-12.0.R2
CUZ-CCN-AN01,7705-SAR8,TiMOS-B-6.1.R6
CUZ-CCN-DN01,7750-SR7,TiMOS-C-12.0.R2
CUZ-CTR-AN01,7705-SAR8,TiMOS-B-6.1.R6
CUZ-CTR-AN02,7705-SAR8v2,TiMOS-B-6.1.R6
CUZ-CTR-DN01,7750-SR7,TiMOS-C-12.0.R2
CUZ-HYN-AN01,7705-SAR8v2,TiMOS-B-6.1.R6
CUZ-LCT-AN01,7705-SAR8,TiMOS-B-6.1.R6
CUZ-LCT-DN01,7750-SRc12,TiMOS-B-12.0.R2
CUZ-MRD-AN01,7705-SAR8,TiMOS-B-6.1.R6
CUZ-MRD-DN01,7750-SRc12,TiMOS-B-12.0.R2
CUZ-PDI-DN01,7750-SRc12,TiMOS-B-12.0.R2
CUZ-SAC-AN01,7705-SAR8,TiMOS-B-6.1.R6
HNC-AMA-AN01,7705-SAR8,TiMOS-B-6.1.R6
HNC-CDS-DN01,7750-SRc12,TiMOS-B-12.0.R2
HNC-HNC-AN01,7705-SAR8,TiMOS-B-6.1.R6
HNC-HNC-DN01,7750-SR7,TiMOS-C-12.0.R8
HNC-LMO-AN01,7705-SAR8,TiMOS-B-6.1.R6
HNC-TGM-AN01,7705-SAR8,TiMOS-B-6.1.R6
HNV-PES-AN01,7705-SAR8,TiMOS-B-6.1.R6
ICA-APC-AN01,7705-SAR8,TiMOS-B-6.1.R6
ICA-APC-DN01,7750-SR7,TiMOS-C-12.0.R2
ICA-CHN-AN01,7705-SAR8,TiMOS-B-6.1.R6
ICA-CHN-DN01,7750-SRc12,TiMOS-B-12.0.R2
ICA-CPT-AN01,7705-SAR8,TiMOS-B-6.1.R6
ICA-LDN-AN01,7705-SAR8,TiMOS-B-6.1.R6
ICA-LDN-DN01,7750-SR7,TiMOS-C-12.0.R2
ICA-NZC-AN01,7705-SAR8,TiMOS-B-6.1.R6
ICA-PDI-DN01,7750-SRc12,TiMOS-B-12.0.R2
ICA-PSC-AN01,7705-SAR8,TiMOS-B-6.1.R6
ICA-PSR-AN01,7705-SARA,TiMOS-B-6.0.R5
ICA-RBZ-AN01,7705-SAR8,TiMOS-B-6.1.R6
ICA-RBZ-DN01,7750-SRc12,TiMOS-B-12.0.R2
ICA-TAT-AN01,7705-SAR8,TiMOS-B-6.1.R6
ICA-TAT-DN01,7750-SR7,TiMOS-C-12.0.R2
JUN-HYC-AN01,7705-SAR8,TiMOS-B-6.1.R6
JUN-LOY-AN01,7705-SAR8,TiMOS-B-6.1.R6
JUN-LOY-DN01,7750-SR7,TiMOS-C-12.0.R2
JUN-PDI-DN01,7750-SRc12,TiMOS-B-12.0.R2
JUN-SCL-DN01,7750-SRc12,TiMOS-B-12.0.R2
JUN-SPC-AN01,7705-SAR8,TiMOS-B-6.1.R6
JUN-TMB-AN01,7705-SAR8,TiMOS-B-6.1.R6
JUN-TMB-DN01,7750-SR7,TiMOS-C-12.0.R2
LBY-CLO-DN01,7750-SRc12,TiMOS-B-12.0.R2
LBY-CMO-AN01,7705-SAR8,TiMOS-B-6.1.R6
LBY-CMO-DN01,7750-SR7,TiMOS-C-12.0.R2
LBY-LBY-AN01,7705-SAR8v2,TiMOS-B-6.1.R6
LBY-LVT-AN01,7705-SAR8,TiMOS-B-6.1.R6
LBY-LVT-DN01,7750-SR7,TiMOS-C-12.0.R2
LBY-LYL-DN01,7750-SRc12,TiMOS-B-12.0.R2
LBY-PDI-DN01,7750-SRc12,TiMOS-B-12.0.R2
LIM-AET-DN01,7750-SR7,TiMOS-C-12.0.R2
LIM-AGU-AN01,7705-SAR8,TiMOS-B-6.1.R6
LIM-CAM-AN01,7705-SAR8,TiMOS-B-6.1.R6
LIM-CAM-AN02,7705-SAR8,TiMOS-B-6.1.R6
LIM-CAM-DN01,7750-SR7,TiMOS-C-12.0.R2
LIM-CHO-AN01,7705-SAR8,TiMOS-B-6.1.R6
LIM-CHO-DN01,7750-SR7,TiMOS-C-12.0.R2
LIM-CHR-AN01,7705-SAR8,TiMOS-B-6.1.R6
LIM-DOS-AN01,7705-SAR8,TiMOS-B-6.1.R6
LIM-HIJ-AN01,7705-SAR8,TiMOS-B-6.1.R6
LIM-HIJ-DN01,7750-SR7,TiMOS-C-12.0.R2
LIM-HUI-AN01,7705-SAR8,TiMOS-B-6.1.R6
LIM-HUI-DN01,7750-SR7,TiMOS-C-12.0.R2
LIM-LAM-AN01,7705-SAR8,TiMOS-B-6.1.R6
LIM-LAM-AN02,7705-SAR8,TiMOS-B-6.1.R6
LIM-LAM-CN01,7750-SR12,TiMOS-C-12.0.R2
LIM-LAM-CN02,7750-SR12,TiMOS-C-12.0.R2
LIM-MAM-AN01,7705-SAR8,TiMOS-B-6.1.R6
LIM-MAM-DN01,7750-SR7,TiMOS-C-12.0.R2
LIM-MOS-AN01,7705-SAR8,TiMOS-B-6.1.R6
LIM-MOS-DN01,7750-SR7,TiMOS-C-12.0.R2
LIM-NGT-AN01,7705-SAR8,TiMOS-B-4.0.R2
LIM-NGT-DN01,7750-SRc12,TiMOS-B-12.0.R2
LIM-OSO-DN01,7750-SR7,TiMOS-C-12.0.R2
LIM-PAL-AN01,7705-SAR8,TiMOS-B-6.1.R6
LIM-PAL-AN02,7705-SAR8,TiMOS-B-6.1.R6
LIM-PAL-DN01,7750-SR7,TiMOS-C-12.0.R2
LIM-PPO-AN01,7705-SAR8,TiMOS-B-6.1.R6
LIM-PPO-AN02,7705-SAR8,TiMOS-B-6.1.R6
LIM-PPO-CN01,7750-SR12,TiMOS-C-12.0.R2
LIM-PPO-CN02,7750-SR12,TiMOS-C-12.0.R2
LIM-SPO-AN01,7705-SAR8,TiMOS-B-6.1.R6
LIM-SPO-AN02,7705-SAR8,TiMOS-B-6.1.R6
LIM-SPO-CN01,7750-SR12,TiMOS-C-12.0.R2
LIM-SPO-CN02,7750-SR12,TiMOS-C-12.0.R2
LIM-SUC-AN01,7705-SAR8,TiMOS-B-6.1.R6
LIM-SUC-DN01,7750-SR7,TiMOS-C-12.0.R2
LIM-TIZ-AN01,7705-SAR8,TiMOS-B-6.1.R6
LIM-UPC-AN01,7705-SAR8,TiMOS-B-6.1.R6
LIM-UPC-DN01,7750-SR7,TiMOS-C-12.0.R8
LIM-USM-AN01,7705-SAR8,TiMOS-B-6.1.R6
LIM-USM-DN01,7750-SR7,TiMOS-C-12.0.R2
LLB-CHA-AN01,7705-SAR8v2,TiMOS-B-6.1.R6
LLB-CRG-AN01,7705-SAR8v2,TiMOS-B-6.1.R6
LLB-CRG-DN01,7750-SRc12,TiMOS-B-12.0.R8
LLB-ECT-AN01,7705-SAR8,TiMOS-B-6.1.R6
LLB-ECT-DN01,7750-SRc12,TiMOS-B-12.0.R2
LLB-HVZ-DN01,7750-SRc12,TiMOS-B-12.0.R2
LLB-LEZ-AN01,7705-SAR8,TiMOS-B-6.1.R6
LLB-LEZ-DN01,7750-SRc12,TiMOS-B-12.0.R2
LLB-PDI-DN01,7750-SR7,TiMOS-C-12.0.R2
LLB-SSF-AN01,7705-SAR8,TiMOS-B-6.1.R6
LLB-SSF-DN01,7750-SRc12,TiMOS-B-12.0.R2
LLB-TRJ-AN01,7705-SAR8,TiMOS-B-6.1.R6
LLB-TRJ-AN02,7705-SAR8,TiMOS-B-6.1.R6
LLB-TRJ-CN01,7750-SR12,TiMOS-C-12.0.R2
LLB-TRJ-CN02,7750-SR12,TiMOS-C-12.0.R2
LRT-2DM-DN01,7750-SRc12,TiMOS-B-12.0.R2
LRT-LRT-AN01,7705-SAR8v2,TiMOS-B-6.1.R6
LRT-LRT-DN01,7750-SRc12,TiMOS-B-12.0.R2
LRT-NTA-AN01,7705-SAR8v2,TiMOS-B-6.1.R6
LRT-PDI-DN01,7750-SRc12,TiMOS-B-12.0.R2
LRT-YRM-AN01,7705-SAR8v2,TiMOS-B-6.1.R6
MQG-CLN-AN01,7705-SAR8,TiMOS-B-6.1.R6
MQG-EAB-AN01,7705-SAR8,TiMOS-B-6.1.R6
MQG-MQG-AN01,7705-SAR8,TiMOS-B-6.1.R6
MQG-MQG-DN01,7750-SR7,TiMOS-C-12.0.R2
MQG-PDI-DN01,7750-SRc12,TiMOS-B-12.0.R2
PIU-CCA-AN01,7705-SAR8,TiMOS-B-6.1.R6
PIU-CCD-AN01,7705-SAR8,TiMOS-B-6.1.R6
PIU-CCD-DN01,7750-SR7,TiMOS-C-12.0.R2
PIU-CTC-AN01,7705-SAR8v2,TiMOS-B-6.1.R6
PIU-ENA-AN01,7705-SAR8v2,TiMOS-B-6.1.R6
PIU-PAI-AN01,7705-SAR8,TiMOS-B-6.1.R6
PIU-PPR-DN01,7750-SRc12,TiMOS-B-12.0.R2
PIU-SCH-AN01,7705-SAR8,TiMOS-B-6.1.R6
PIU-SLL-AN01,7705-SAR8,TiMOS-B-6.1.R6
PIU-SLL-DN01,7750-SRc12,TiMOS-B-12.0.R8
PIU-SMP-AN01,7705-SAR8,TiMOS-B-6.1.R6
PIU-SMP-DN01,7750-SR7,TiMOS-C-12.0.R2
PIU-STX-AN01,7705-SAR8v2,TiMOS-B-6.1.R6
PNO-DSG-AN01,7705-SAR8,TiMOS-B-6.1.R6
PNO-HUC-AN01,7705-SAR8,TiMOS-B-6.1.R6
PNO-ILV-AN01,7705-SAR8,TiMOS-B-6.1.R6
PNO-JCC-AN01,7705-SAR8,TiMOS-B-6.1.R6
PNO-JCC-DN01,7750-SR7,TiMOS-C-12.0.R2
PNO-JMA-AN01,7705-SAR8,TiMOS-B-6.1.R6
PNO-LLA-AN01,7705-SAR8,TiMOS-B-6.1.R6
PNO-LLA-DN01,7750-SR7,TiMOS-C-12.0.R2
PNO-PUC-AN01,7705-SAR8,TiMOS-B-6.1.R6
PNO-PUC-AN02,7705-SAR8v2,TiMOS-B-6.1.R6
PNO-SAL-AN01,7705-SAR8,TiMOS-B-6.1.R6
PSC-CPP-AN01,7705-SAR8,TiMOS-B-6.1.R6
rCSR03DeOctubre,7705-SARM,TiMOS-B-6.1.R6
rCSR10deFebrero,7705-SARM,TiMOS-B-6.1.R6
rCSR13deNoviembre,7705-SARA,TiMOS-B-6.1.R6
rCSR15DeAgosto,7705-SARA,TiMOS-B-6.1.R6
rCSR200Millas,7705-SARA,TiMOS-B-6.1.R6
rCSR28DeJulio,7705-SARM,TiMOS-B-6.1.R6
rCSR29deAgosto,7705-SARM,TiMOS-B-6.1.R6
rCSR2deMayoLoreto,7705-SARA,TiMOS-B-6.1.R6
rCSR4Suyos,7705-SARA,TiMOS-B-6.1.R6
rCSR6DeNoviembre,7705-SARA,TiMOS-B-6.1.R6
rCSR7deDiciembre,7705-SARA,TiMOS-B-6.1.R6
rCSR9deOctubre,7705-SARM,TiMOS-B-6.1.R6
rCSR9deOctubrePucallpa,7705-SARA,TiMOS-B-6.1.R6
rCSRAbancay2,7705-SARM,TiMOS-B-6.1.R6
rCSRAbanicos,7705-SARA,TiMOS-B-6.1.R6
rCSRAbascal,7705-SARA,TiMOS-B-6.1.R6
rCSRAbengoaCanaval,7705-SARA,TiMOS-B-6.1.R6
rCSRAbengoaPanama,7705-SARA,TiMOS-B-6.1.R6
rCSRAcacias,7705-SARM,TiMOS-B-6.1.R6
rCSRAceMaestro,7705-SARF,TiMOS-B-6.1.R6
rCSRAcobamba,7705-SARA,TiMOS-B-6.1.R6
rCSRAeroCusco,7705-SARA,TiMOS-B-6.1.R6
rCSRAeropuertoCajamarca,7705-SARA,TiMOS-B-6.1.R6
rCSRAeropuertoCollique,7705-SARF,TiMOS-B-6.1.R6
rCSRAgraria,7705-SARA,TiMOS-B-6.1.R6
rCSRAguaBuena,7705-SARA,TiMOS-B-6.1.R6
rCSRAguaytia,7705-SARA,TiMOS-B-6.1.R6
rCSRAlamedaCorregidor,7705-SARA,TiMOS-B-6.1.R6
rCSRAlamedaDelPremio,7705-SARA,TiMOS-B-6.1.R6
rCSRAlamedaLaPaz,7705-SARA,TiMOS-B-6.1.R6
rCSRAlborada,7705-SARA,TiMOS-B-6.1.R6
rCSRAlbufera,7705-SARA,TiMOS-B-6.1.R6
rCSRAlemaniaFederal,7705-SARA,TiMOS-B-6.1.R6
rCSRAlexanderVonHumbolt,7705-SARA,TiMOS-B-6.1.R6
rCSRAlfonsoUgarte,7705-SARA,TiMOS-B-6.1.R6
rCSRAlfredoMendiola,7705-SARM,TiMOS-B-6.1.R6
rCSRAlianzaFrancesa,7705-SARM,TiMOS-B-6.1.R6
rCSRAljovin,7705-SARM,TiMOS-B-6.1.R6
rCSRAllende,7705-SARF,TiMOS-B-6.1.R6
rCSRAlonsoMolina,7705-SARM,TiMOS-B-6.1.R6
rCSRAltoCayma,7705-SARM,TiMOS-B-6.1.R6
rCSRAltoCusco,7705-SARA,TiMOS-B-6.1.R6
rCSRAltodeJesus,7705-SARA,TiMOS-B-6.1.R6
rCSRAltoQuilca,7705-SARA,TiMOS-B-6.1.R6
rCSRAltoSelvaAlegre,7705-SARA,TiMOS-B-6.1.R6
rCSRAltoTrujillo,7705-SARA,TiMOS-B-6.1.R6
rCSRAltozano,7705-SARA,TiMOS-B-6.1.R6
rCSRAlvarezThomas,7705-SARM,TiMOS-B-6.1.R6
rCSRAmautasChiclayo,7705-SARM,TiMOS-B-6.1.R6
rCSRAmericaDelNorte,7705-SARM,TiMOS-B-6.1.R6
rCSRAmericaTVPachacamac,7705-SARA,TiMOS-B-6.1.R6
rCSRAmpliacion,7705-SARM,TiMOS-B-6.1.R6
rCSRAncashPuentePiedra,7705-SARA,TiMOS-B-6.1.R6
rCSRAncieta,7705-SARA,TiMOS-B-6.1.R6
rCSRAndahuaylas,7705-SARA,TiMOS-B-6.1.R6
rCSRAndresReyes,7705-SARM,TiMOS-B-6.1.R6
rCSRAngamos,7705-SARA,TiMOS-B-6.1.R6
rCSRAngelGabriel,7705-SARA,TiMOS-B-6.1.R6
rCSRAngloPeruano,7705-SARM,TiMOS-B-6.1.R6
rCSRAntamina,7705-SARA,TiMOS-B-6.1.R6
rCSRApacheta,7705-SARA,TiMOS-B-6.1.R6
rCSRApiat,7705-SARA,TiMOS-B-6.1.R6
rCSRApima,7705-SARA,TiMOS-B-6.1.R6
rCSRAragon,7705-SARA,TiMOS-B-6.1.R6
rCSRAramburu,7705-SARA,TiMOS-B-6.1.R6
rCSRArancibia,7705-SARM,TiMOS-B-6.1.R6
rCSRArcoDeustuaPuno,7705-SARA,TiMOS-B-6.1.R6
rCSRArenales,7705-SARM,TiMOS-B-6.1.R6
rCSRArequipa,7705-SARM,TiMOS-B-6.1.R6
rCSRArequipaCentro,7705-SARM,TiMOS-B-6.1.R6
rCSRArequipaIndustrial,7705-SARM,TiMOS-B-6.1.R6
rCSRArgentina,7705-SARA,TiMOS-B-6.1.R6
rCSRArgentinaAqp,7705-SARA,TiMOS-B-6.1.R6
rCSRArguedas,7705-SARA,TiMOS-B-6.1.R6
rCSRArica,7705-SARA,TiMOS-B-6.1.R6
rCSRArmandoBiondel,7705-SARA,TiMOS-B-6.1.R6
rCSRArmendariz,7705-SARA,TiMOS-B-6.1.R6
rCSRArribaPeru,7705-SARA,TiMOS-B-6.1.R6
rCSRArriola,7705-SARM,TiMOS-B-6.1.R6
rCSRAsiaLasPalmas,7705-SARM,TiMOS-B-6.1.R6
rCSRAsvea,7705-SARA,TiMOS-B-6.1.R6
rCSRAtenas,7705-SARA,TiMOS-B-6.1.R6
rCSRAteOutdoor,7705-SARM,TiMOS-B-6.1.R6
rCSRAtlantaCusco,7705-SARA,TiMOS-B-6.1.R6
rCSRAurelioGarcia,7705-SARA,TiMOS-B-6.1.R6
rCSRAurora,7705-SARM,TiMOS-B-6.1.R6
rCSRAvArequipa,7705-SARM,TiMOS-B-6.1.R6
rCSRAvBolivia,7705-SARA,TiMOS-B-6.1.R6
rCSRAvCentralChimbote,7705-SARA,TiMOS-B-6.1.R6
rCSRAvChiclayo,7705-SARM,TiMOS-B-6.1.R6
rCSRAvCountry,7705-SARM,TiMOS-B-6.1.R6
rCSRAvEjercito,7705-SARA,TiMOS-B-6.1.R6
rCSRAvelinoCaceres,7705-SARM,TiMOS-B-6.1.R6
rCSRAvenida7,7705-SARM,TiMOS-B-5.0.R2
rCSRAvenidaA,7705-SARA,TiMOS-B-6.1.R6
rCSRAvenidaPizarro,7705-SARF,TiMOS-B-6.1.R6
rCSRAvEspana,7705-SARA,TiMOS-B-6.1.R6
rCSRAviacion,7705-SARM,TiMOS-B-6.1.R6
rCSRAviacionLima,7705-SARM,TiMOS-B-6.1.R6
rCSRAvindependenciaARQ,7705-SARA,TiMOS-B-6.1.R6
rCSRAvIquitos,7705-SARA,TiMOS-B-6.1.R6
rCSRAvLasNaciones,7705-SARA,TiMOS-B-6.1.R6
rCSRAVLasPiedritas,7705-SARM,TiMOS-B-6.1.R6
rCSRAvLima,7705-SARA,TiMOS-B-6.1.R6
rCSRAvLurigancho,7705-SARM,TiMOS-B-6.1.R6
rCSRAvParqueZonal,7705-SARM,TiMOS-B-6.1.R6
rCSRAvPesqueda,7705-SARM,TiMOS-B-6.1.R6
rCSRAvProgreso,7705-SARA,TiMOS-B-6.1.R6
rCSRAvQosco,7705-SARA,TiMOS-B-6.1.R6
rCSRAVRosaToro,7705-SARA,TiMOS-B-6.1.R6
rCSRAvSantaRosa,7705-SARA,TiMOS-B-6.1.R6
rCSRAvUniversidad,7705-SARA,TiMOS-B-6.1.R6
rCSRAyacuchoAviacion,7705-SARA,TiMOS-B-6.1.R6
rCSRAyacuchoBellasArtes,7705-SARA,TiMOS-B-6.1.R6
rCSRAyacuchoMercado,7705-SARA,TiMOS-B-6.1.R6
rCSRAyarsa,7705-SARA,TiMOS-B-6.1.R6
rCSRAyaviri,7705-SARA,TiMOS-B-6.1.R6
rCSRAzangaro,7705-SARA,TiMOS-B-6.1.R6
rCSRAzangaroPuno,7705-SARA,TiMOS-B-6.1.R6
rCSRBacaFlor,7705-SARA,TiMOS-B-6.1.R6
rCSRBackus,7705-SARM,TiMOS-B-6.1.R6
rCSRBackusIce,7705-SARA,TiMOS-B-6.1.R6
rCSRBajadaMarbella,7705-SARM,TiMOS-B-6.1.R6
rCSRBajoMirador,7705-SARA,TiMOS-B-6.1.R6
rCSRBancariosArequipa,7705-SARA,TiMOS-B-6.1.R6
rCSRBancoCentraldeReserva_Indoor,7705-SARM,TiMOS-B-6.1.R6
rCSRBancoContinental,7705-SARA,TiMOS-B-6.1.R6
rCSRBancodelaNacion,7705-SARA,TiMOS-B-6.1.R6
rCSRBanderasQuillabamba,7705-SARA,TiMOS-B-6.1.R6
rCSRBanosdelInca,7705-SARA,TiMOS-B-6.1.R6
rCSRBaretoTacna,7705-SARM,TiMOS-B-6.1.R6
rCSRBarracones,7705-SARA,TiMOS-B-6.1.R6
rCSRBarrancoCentro,7705-SARA,TiMOS-B-6.1.R6
rCSRBarrancoGrau,7705-SARA,TiMOS-B-6.1.R6
rCSRBarrioChino2,7705-SARA,TiMOS-B-6.1.R6
rCSRBasadre,7705-SARA,TiMOS-B-6.1.R6
rCSRBaseHotelParacas,7705-SARA,TiMOS-B-6.1.R6
rCSRBaseNaval,7705-SARA,TiMOS-B-6.1.R6
rCSRBasePisco,7705-SARA,TiMOS-B-6.1.R6
rCSRBasePiura,7705-SARA,TiMOS-B-6.1.R6
rCSRBatallon,7705-SARM,TiMOS-B-6.1.R6
rCSRBatallon2,7705-SARM,TiMOS-B-6.1.R6
rCSRBegonias,7705-SARA,TiMOS-B-6.1.R6
rCSRBelaunde,7705-SARF,TiMOS-B-6.1.R6
rCSRBelaundeEste,7705-SARM,TiMOS-B-6.1.R6
rCSRBelen,7705-SARM,TiMOS-B-6.1.R6
rCSRBellavistaPuno,7705-SARA,TiMOS-B-6.1.R6
rCSRBellavistaSullana,7705-SARA,TiMOS-B-6.1.R6
rCSRBellido,7705-SARA,TiMOS-B-6.1.R6
rCSRBenavides,7705-SARM,TiMOS-B-6.1.R6
rCSRBentinLoros,7705-SARM,TiMOS-B-6.1.R6
rCSRBerlin,7705-SARA,TiMOS-B-6.1.R6
rCSRBertello,7705-SARF,TiMOS-B-6.1.R6
rCSRBetancourt,7705-SARA,TiMOS-B-6.1.R6
rCSRBibliotecaNacionaldelPeru,7705-SARA,TiMOS-B-6.1.R6
rCSRBillingurst,7705-SARA,TiMOS-B-6.1.R6
rCSRBlancoEncalada,7705-SARM,TiMOS-B-6.1.R6
rCSRBlasPascal,7705-SARA,TiMOS-B-6.1.R6
rCSRBlondet,7705-SARA,TiMOS-B-6.1.R6
rCSRBocanegra,7705-SARF,TiMOS-B-6.1.R6
rCSRBolivar,7705-SARF,TiMOS-B-6.1.R6
rCSRBolivarVilla,7705-SARA,TiMOS-B-6.1.R6
rCSRBolognesi,7705-SARM,TiMOS-B-6.1.R6
rCSRBolognesiTrujillo,7705-SARM,TiMOS-B-6.1.R6
rCSRBotija,7705-SARA,TiMOS-B-6.1.R6
rCSRBoulevard,7705-SARA,TiMOS-B-6.1.R6
rCSRBoulevardAsia1,7705-SARM,TiMOS-B-6.1.R6
rCSRBoulevardAsia2,7705-SARM,TiMOS-B-6.1.R6
rCSRBoulevardChiclayo,7705-SARM,TiMOS-B-6.1.R6
rCSRBoulevardRetablo,7705-SARM,TiMOS-B-6.1.R6
rCSRBrasilia,7705-SARA,TiMOS-B-6.1.R6
rCSRBrena,7705-SARF,TiMOS-B-6.1.R6
rCSRBSBarranco,7705-SARA,TiMOS-B-6.1.R6
rCSRBSCantogrande,7705-SARM,TiMOS-B-6.1.R6
rCSRBSFrutales,7705-SARA,TiMOS-B-6.1.R6
rCSRBSPentagonito,7705-SARM,TiMOS-B-6.1.R6
rCSRBsSalamanca,7705-SARM,TiMOS-B-6.1.R6
rCSRBSShowRoom,7705-SARM,TiMOS-B-6.1.R6
rCSRBSSurco,7705-SARA,TiMOS-B-6.1.R6
rCSRBuenosAires,7705-SARA,TiMOS-B-6.1.R6
rCSRBuenosAiresSullana,7705-SARA,TiMOS-B-6.1.R6
rCSRBuganvilla,7705-SARM,TiMOS-B-6.1.R6
rCSRBujamaPueblo,7705-SARA,TiMOS-B-6.1.R6
rCSRBustamanteAQP,7705-SARA,TiMOS-B-6.1.R6
rCSRCACBegonias,7705-SARM,TiMOS-B-6.1.R6
rCSRCACBegonias2Indoor,7705-SARM,TiMOS-B-6.1.R6
rCSRCACBellavista,7705-SARA,TiMOS-B-6.1.R6
rCSRCACCajamarca2,7705-SARA,TiMOS-B-6.1.R6
rCSRCACChiclayo1,7705-SARA,TiMOS-B-6.1.R6
rCSRCACChiclayo3,7705-SARM,TiMOS-B-6.1.R6
rCSRCACGamarra,7705-SARA,TiMOS-B-6.1.R6
rCSRCachimayoCusco,7705-SARA,TiMOS-B-6.1.R6
rCSRCACJockeyPlaza,7705-SARM,TiMOS-B-6.1.R6
rCSRCACLarco,7705-SARM,TiMOS-B-6.1.R6
rCSRCACLince,7705-SARM,TiMOS-B-6.1.R6
rCSRCACMegaPlaza,7705-SARM,TiMOS-B-6.1.R6
rCSRCACPlazaLimaNorte,7705-SARM,TiMOS-B-6.1.R6
rCSRCACPlazaLimaSur,7705-SARM,TiMOS-B-6.1.R6
rCSRCACPlazaSanMiguel,7705-SARM,TiMOS-B-6.1.R6
rCSRCacPorongoche,7705-SARM,TiMOS-B-6.1.R6
rCSRCACPuertoMaldonado,7705-SARA,TiMOS-B-6.0.R5
rCSRCACPuno,7705-SARA,TiMOS-B-6.1.R6
rCSRCACSanBorja,7705-SARM,TiMOS-B-6.1.R6
rCSRCACSantaClara,7705-SARM,TiMOS-B-6.1.R6
rCSRCacTrujillo1,7705-SARM,TiMOS-B-6.1.R6
rCSRCacTrujillo3,7705-SARM,TiMOS-B-6.1.R6
rCSRCahuac,7705-SARM,TiMOS-B-6.1.R6
rCSRCailloma,7705-SARA,TiMOS-B-6.1.R6
rCSRCajamarcaEstadio,7705-SARA,TiMOS-B-6.1.R6
rCSRCajamarcaHistorico,7705-SARA,TiMOS-B-6.1.R6
rCSRCalca,7705-SARA,TiMOS-B-6.1.R6
rCSRCallaoPesqueras,7705-SARA,TiMOS-B-6.1.R6
rCSRCalle1,7705-SARA,TiMOS-B-6.1.R6
rCSRCalle10,7705-SARA,TiMOS-B-6.1.R6
rCSRCalle2,7705-SARM,TiMOS-B-6.1.R6
rCSRCalle2Faucett,7705-SARA,TiMOS-B-6.1.R6
rCSRCalle30Ruth,7705-SARA,TiMOS-B-6.1.R6
rCSRCalle5ves,7705-SARA,TiMOS-B-6.1.R6
rCSRCalleBellavista,7705-SARA,TiMOS-B-6.1.R6
rCSRCalleColorado,7705-SARA,TiMOS-B-6.1.R6
rCSRCalleComercio,7705-SARA,TiMOS-B-6.1.R6
rCSRCallelasCampanillas,7705-SARM,TiMOS-B-6.1.R6
rCSRCalleLosSauces,7705-SARF,TiMOS-B-6.1.R6
rCSRCalleLosTerros,7705-SARF,TiMOS-B-6.1.R6
rCSRCalleTupac,7705-SARA,TiMOS-B-6.1.R6
rCSRCalleUgarte,7705-SARA,TiMOS-B-6.1.R6
rCSRCamachoBajo,7705-SARM,TiMOS-B-6.1.R6
rCSRCamanaPueblo,7705-SARA,TiMOS-B-6.1.R6
rCSRCaminoReal,7705-SARA,TiMOS-B-6.1.R6
rCSRCampodonico,7705-SARM,TiMOS-B-6.1.R6
rCSRCampodonicoChiclayo,7705-SARA,TiMOS-B-6.1.R6
rCSRCampoVerde,7705-SARA,TiMOS-B-6.1.R6
rCSRCampoy,7705-SARM,TiMOS-B-6.1.R6
rCSRCanada,7705-SARA,TiMOS-B-6.1.R6
rCSRCanal13,7705-SARF,TiMOS-B-6.1.R6
rCSRCanarios,7705-SARA,TiMOS-B-6.1.R6
rCSRCancharani,7705-SARA,TiMOS-B-6.1.R6
rCSRCansaya,7705-SARM,TiMOS-B-6.1.R6
rCSRCantaCallao,7705-SARM,TiMOS-B-6.1.R6
rCSRCantoBello,7705-SARA,TiMOS-B-6.1.R6
rCSRCantuarias,7705-SARM,TiMOS-B-6.1.R6
rCSRCapullana,7705-SARA,TiMOS-B-6.1.R6
rCSRCaqueta,7705-SARM,TiMOS-B-6.1.R6
rCSRCaqueta2,7705-SARM,TiMOS-B-6.1.R6
rCSRCarabaylloMunicipal,7705-SARA,TiMOS-B-6.1.R6
rCSRCarabaylloNorte,7705-SARM,TiMOS-B-6.1.R6
rCSRCaracoto,7705-SARA,TiMOS-B-6.1.R6
rCSRCarapongo2,7705-SARA,TiMOS-B-6.1.R6
rCSRCarmenAlto,7705-SARA,TiMOS-B-6.1.R6
rCSRCarmendelaLegua,7705-SARF,TiMOS-B-6.1.R6
rCSRCarnavalesAyacucho,7705-SARA,TiMOS-B-6.1.R6
rCSRCarrizos,7705-SARA,TiMOS-B-6.1.R6
rCSRCasaBlanca,7705-SARA,TiMOS-B-6.1.R6
rCSRCasimiroUlloa,7705-SARA,TiMOS-B-6.1.R6
rCSRCasinodePolicia,7705-SARA,TiMOS-B-6.1.R6
rCSRCasma,7705-SARA,TiMOS-B-6.1.R6
rCSRCastilla,7705-SARA,TiMOS-B-6.1.R6
rCSRCastillaPiura,7705-SARA,TiMOS-B-6.1.R6
rCSRCastilloChancay,7705-SARA,TiMOS-B-6.1.R6
rCSRCastroCastro,7705-SARM,TiMOS-B-6.1.R6
rCSRCastroRey,7705-SARA,TiMOS-B-6.1.R6
rCSRCasuarinasChimbote,7705-SARA,TiMOS-B-6.1.R6
rCSRCasuarinasTrujillo,7705-SARM,TiMOS-B-6.1.R6
rCSRCatolica,7705-SARA,TiMOS-B-6.1.R6
rCSRCatolicaArequipa,7705-SARM,TiMOS-B-6.1.R6
rCSRCavero,7705-SARM,TiMOS-B-6.1.R6
rCSRCayetanoHeredia,7705-SARM,TiMOS-B-6.1.R6
rCSRCayma,7705-SARM,TiMOS-B-6.1.R6
rCSRCCLaRamblaBrasil,7705-SARA,TiMOS-B-6.1.R6
rCSRCcowisa,7705-SARA,TiMOS-B-6.1.R6
rCSRCCSanBorja,7705-SARA,TiMOS-B-6.1.R6
rCSRCencosudArenales,7705-SARA,TiMOS-B-6.1.R6
rCSRCencosudAugustoAnguloIndoor,7705-SARM,TiMOS-B-6.1.R6
rCSRCentauro,7705-SARA,TiMOS-B-6.1.R6
rCSRCentenarioHuacho,7705-SARA,TiMOS-B-6.1.R6
rCSRCentral,7705-SARA,TiMOS-B-6.1.R6
rCSRCentriaIndoor,7705-SARA,TiMOS-B-6.1.R6
rCSRCentroBancario,7705-SARM,TiMOS-B-6.1.R6
rCSRCentroCivico,7705-SARA,TiMOS-B-6.1.R6
rCSRCentrodeConvenciones,7705-SARA,TiMOS-B-6.1.R6
rCSRCentrodeExposiciones,7705-SARA,TiMOS-B-6.1.R6
rCSRCeramicaLima,7705-SARA,TiMOS-B-6.1.R6
rCSRCercadodeTacna,7705-SARM,TiMOS-B-6.1.R6
rCSRCerezosDeJacaranda,7705-SARM,TiMOS-B-6.1.R6
rCSRCerroCarabayllo,7705-SARM,TiMOS-B-6.1.R6
rCSRCerroMolinoBajo,7705-SARM,TiMOS-B-6.1.R6
rCSRCerroVerde,7705-SARA,TiMOS-B-6.1.R6
rCSRCesarCanevaro,7705-SARM,TiMOS-B-6.1.R6
rCSRChacarilla,7705-SARA,TiMOS-B-6.1.R6
rCSRChacraRios,7705-SARM,TiMOS-B-6.1.R6
rCSRChalaca,7705-SARM,TiMOS-B-6.1.R6
rCSRChamaya,7705-SARA,TiMOS-B-6.1.R6
rCSRChampagnat,7705-SARA,TiMOS-B-6.1.R6
rCSRChanuChanu,7705-SARA,TiMOS-B-6.1.R6
rCSRChaoSur,7705-SARA,TiMOS-B-6.1.R6
rCSRCharcani,7705-SARA,TiMOS-B-6.1.R6
rCSRChecacupePitumarca,7705-SARA,TiMOS-B-6.0.R5
rCSRChepen,7705-SARA,TiMOS-B-6.1.R6
rCSRChepenCentro,7705-SARA,TiMOS-B-6.1.R6
rCSRChicago,7705-SARM,TiMOS-B-6.1.R6
rCSRChiclayoCentro,7705-SARM,TiMOS-B-6.1.R6
rCSRChiclayoCercado,7705-SARA,TiMOS-B-6.1.R6
rCSRChiclayoIndustrial,7705-SARA,TiMOS-B-6.1.R6
rCSRChilca,7705-SARA,TiMOS-B-6.0.R2
rCSRChimbotePrimavera,7705-SARA,TiMOS-B-6.1.R6
rCSRChoquehuanca,7705-SARM,TiMOS-B-6.1.R6
rCSRChorrillosCentro,7705-SARM,TiMOS-B-6.1.R6
rCSRChucuito,7705-SARA,TiMOS-B-6.1.R6
rCSRChulucanas,7705-SARA,TiMOS-B-6.1.R6
rCSRCibertecSalaverryIndoor,7705-SARM,TiMOS-B-6.1.R6
rCSRCieloAzul,7705-SARM,TiMOS-B-6.1.R6
rCSRCincoEsquinas,7705-SARM,TiMOS-B-6.1.R6
rCSRCincuentenarioHuacho,7705-SARA,TiMOS-B-6.1.R6
rCSRCinePlanetSanMiguel,7705-SARM,TiMOS-B-6.1.R6
rCSRCineSusy,7705-SARF,TiMOS-B-6.1.R6
rCSRCineTacna,7705-SARF,TiMOS-B-6.1.R6
rCSRCipresesCampoy,7705-SARA,TiMOS-B-6.1.R6
rCSRCircunvalacion,7705-SARM,TiMOS-B-6.1.R6
rCSRCircunvalacionCusco,7705-SARA,TiMOS-B-6.1.R6
rCSRCircunvalacionPiura,7705-SARM,TiMOS-B-6.1.R6
rCSRCiroAlegria,7705-SARA,TiMOS-B-6.1.R6
rCSRCitibank,7705-SARA,TiMOS-B-6.1.R6
rCSRCiudadMiTrabajo,7705-SARA,TiMOS-B-6.1.R6
rCSRCiudadSatelite,7705-SARF,TiMOS-B-6.1.R6
rCSRClaretiano,7705-SARM,TiMOS-B-6.1.R6
rCSRClaretianoTrujillo,7705-SARA,TiMOS-B-6.1.R6
rCSRClaroSanLuis,7705-SARA,TiMOS-B-6.1.R6
rCSRClinicaDelgado,7705-SARA,TiMOS-B-6.1.R6
rCSRClinicaSanFelipe,7705-SARA,TiMOS-B-6.1.R6
rCSRClubHuancayo,7705-SARM,TiMOS-B-6.1.R6
rCSRCoishco,7705-SARA,TiMOS-B-6.1.R6
rCSRColegioMilitar,7705-SARA,TiMOS-B-6.1.R6
rCSRColegioRamonCastilla,7705-SARM,TiMOS-B-6.1.R6
rCSRColina,7705-SARA,TiMOS-B-6.1.R6
rCSRColiseoArequipa,7705-SARA,TiMOS-B-6.1.R6
rCSRCollique,7705-SARM,TiMOS-B-6.1.R6
rCSRCollique5taZona,7705-SARM,TiMOS-B-6.1.R6
rCSRColmena,7705-SARM,TiMOS-B-6.1.R6
rCSRColon,7705-SARM,TiMOS-B-6.1.R6
rCSRColonArequipa,7705-SARA,TiMOS-B-6.1.R6
rCSRColonial,7705-SARA,TiMOS-B-6.1.R6
rCSRColonialFaucett,7705-SARF,TiMOS-B-6.1.R6
rCSRComandanteCanga,7705-SARA,TiMOS-B-6.1.R6
rCSRComandanteEspinar,7705-SARA,TiMOS-B-6.1.R6
rCSRComas,7705-SARM,TiMOS-B-6.1.R6
rCSRCombapata,7705-SARA,TiMOS-B-6.0.R5
rCSRComite50sjl,7705-SARA,TiMOS-B-6.1.R6
rCSRCompagnon,7705-SARA,TiMOS-B-6.0.R2
rCSRComplejoChicago,7705-SARA,TiMOS-B-6.1.R6
rCSRComplejoNaval,7705-SARM,TiMOS-B-6.1.R6
rCSRCompuertas,7705-SARM,TiMOS-B-6.1.R6
rCSRCompuplaza_Indoor,7705-SARA,TiMOS-B-6.1.R6
rCSRConcejoLeonardoOrtiz,7705-SARA,TiMOS-B-6.1.R6
rCSRConchan,7705-SARM,TiMOS-B-6.1.R6
rCSRCondesuyos,7705-SARA,TiMOS-B-6.1.R6
rCSRCondevilla,7705-SARM,TiMOS-B-6.1.R6
rCSRCondorcanqui,7705-SARM,TiMOS-B-6.1.R6
rCSRConfraternidadIca,7705-SARA,TiMOS-B-6.1.R6
rCSRConquistadoresAtocongo,7705-SARA,TiMOS-B-6.1.R6
rCSRConstructores,7705-SARM,TiMOS-B-6.1.R6
rCSRContinental,7705-SARA,TiMOS-B-6.1.R6
rCSRContisuyo,7705-SARA,TiMOS-B-6.1.R6
rCSRContralmiranteMora,7705-SARA,TiMOS-B-6.1.R6
rCSRConvencionesClaro,7705-SARM,TiMOS-B-6.1.R6
rCSRCooperativaUniversal,7705-SARM,TiMOS-B-6.1.R6
rCSRCooperativaUniversitaria,7705-SARA,TiMOS-B-6.1.R6
rCSRCoraCora,7705-SARA,TiMOS-B-6.1.R6
rCSRCordilleraCentralTdp,7705-SARA,TiMOS-B-6.1.R6
rCSRCordova,7705-SARA,TiMOS-B-6.1.R6
rCSRCornejo,7705-SARM,TiMOS-B-6.1.R6
rCSRCoronelBustios,7705-SARM,TiMOS-B-6.1.R6
rCSRCoronelOdriozola,7705-SARM,TiMOS-B-6.1.R6
rCSRCosmos,7705-SARA,TiMOS-B-6.1.R6
rCSRCossio,7705-SARA,TiMOS-B-6.1.R6
rCSRCostaRica,7705-SARM,TiMOS-B-6.1.R6
rCSRCountryClubLimaIndoor,7705-SARM,TiMOS-B-6.1.R6
rCSRCredito,7705-SARM,TiMOS-B-6.1.R6
rCSRCristal,7705-SARA,TiMOS-B-6.1.R6
rCSRCrucePasamayo,7705-SARA,TiMOS-B-6.1.R6
rCSRCuarteldelEjercito,7705-SARA,TiMOS-B-6.1.R6
rCSRCuba,7705-SARA,TiMOS-B-6.1.R6
rCSRCuestaDelAngel,7705-SARA,TiMOS-B-6.1.R6
rCSRCuglivan,7705-SARM,TiMOS-B-6.1.R6
rCSRCulebras,7705-SARA,TiMOS-B-6.1.R6
rCSRCuribaya,7705-SARM,TiMOS-B-6.1.R6
rCSRCusihuaman,7705-SARA,TiMOS-B-6.1.R6
rCSRDacLaBuenaMuerte,7705-SARM,TiMOS-B-6.1.R6
rCSRDacLimacpampa,7705-SARA,TiMOS-B-6.1.R6
rCSRDACNiza,7705-SARM,TiMOS-B-6.1.R6
rCSRDACRedSurCusco,7705-SARA,TiMOS-B-6.1.R6
rCSRDallorso,7705-SARA,TiMOS-B-6.1.R6
rCSRDanielCarrionTrj,7705-SARM,TiMOS-B-6.1.R6
rCSRDanielTimoran,7705-SARM,TiMOS-B-6.1.R6
rCSRDanteNava,7705-SARA,TiMOS-B-6.1.R6
rCSRDebatePresidencial,7705-SARA,TiMOS-B-6.1.R6
rCSRDefensoresDelMorro,7705-SARA,TiMOS-B-6.1.R6
rCSRDeLaAmistad,7705-SARM,TiMOS-B-6.1.R6
rCSRDelAire,7705-SARA,TiMOS-B-6.1.R6
rCSRDelEjercito,7705-SARM,TiMOS-B-6.1.R6
rCSRDelgado,7705-SARM,TiMOS-B-6.1.R6
rCSRDenegri,7705-SARA,TiMOS-B-6.1.R6
rCSRDibos,7705-SARA,TiMOS-B-6.1.R6
rCSRDiscotecasdelSur,7705-SARA,TiMOS-B-6.1.R6
rCSRDNieto,7705-SARA,TiMOS-B-6.1.R6
rCSRDomingoOrue,7705-SARA,TiMOS-B-6.1.R6
rCSRDominicos,7705-SARF,TiMOS-B-6.1.R6
rCSRDonofrio,7705-SARA,TiMOS-B-6.1.R6
rCSRDorsalPopMala,7705-SARA,TiMOS-B-6.1.R6
rCSRDosEstrellas,7705-SARA,TiMOS-B-6.1.R6
rCSRDuenas,7705-SARA,TiMOS-B-6.1.R6
rCSRDulanto,7705-SARF,TiMOS-B-6.1.R6
rCSREB_Barranca,7705-SARA,TiMOS-B-6.1.R6
rCSREB_Caqueta,7705-SARA,TiMOS-B-6.1.R6
rCSREB_Comas,7705-SARA,TiMOS-B-6.1.R6
rCSREB_Garzon,7705-SARA,TiMOS-B-6.1.R6
rCSREB_MallBellavista,7705-SARA,TiMOS-B-6.1.R6
rCSREB_Zarate,7705-SARA,TiMOS-B-6.1.R6
rCSREBAngamos2,7705-SARA,TiMOS-B-6.1.R6
rCSREBCGETDD,7705-SARA,TiMOS-B-6.1.R6
rCSREBChorrillos2,7705-SARA,TiMOS-B-6.1.R6
rCSREBSantaCatalina,7705-SARA,TiMOS-B-6.1.R6
rCSREBScotiabank02,7705-SARA,TiMOS-B-6.1.R6
rCSREBSJMiraflores2,7705-SARA,TiMOS-B-6.1.R6
rCSREBSMPorres02,7705-SARA,TiMOS-B-6.1.R6
rCSREBTacna,7705-SARA,TiMOS-B-6.1.R6
rCSREBVentanillaPachacutec02,7705-SARA,TiMOS-B-6.1.R6
rCSREchenique,7705-SARM,TiMOS-B-6.1.R6
rCSREcheniqueMagdalena,7705-SARA,TiMOS-B-6.1.R6
rCSREcologicaChorrillos,7705-SARA,TiMOS-B-6.1.R6
rCSREdificioBanBif,7705-SARA,TiMOS-B-6.1.R6
rCSREdificioCapitalSamsung,7705-SARM,TiMOS-B-6.1.R6
rCSREdificioCubica,7705-SARA,TiMOS-B-6.1.R6
rCSREdificioLaPositiva,7705-SARA,TiMOS-B-6.1.R6
rCSREdificioLeuro,7705-SARA,TiMOS-B-6.1.R6
rCSREizaguirre02,7705-SARA,TiMOS-B-6.1.R6
rCSRElAcero,7705-SARA,TiMOS-B-6.1.R6
rCSRElAltiplano,7705-SARA,TiMOS-B-6.1.R6
rCSRElAncla,7705-SARA,TiMOS-B-6.1.R6
rCSRElArca,7705-SARM,TiMOS-B-6.1.R6
rCSRElBanchero,7705-SARA,TiMOS-B-6.1.R6
rCSRElBosque,7705-SARA,TiMOS-B-6.1.R6
rCSRElBosqueAQP,7705-SARA,TiMOS-B-6.1.R6
rCSRElCalifa,7705-SARA,TiMOS-B-6.1.R6
rCSRElCarmeloSIL,7705-SARA,TiMOS-B-6.1.R6
rCSRElChipe,7705-SARM,TiMOS-B-6.1.R6
rCSRElCorregidor,7705-SARM,TiMOS-B-6.1.R6
rCSRElCortijoTrujillo,7705-SARA,TiMOS-B-6.1.R6
rCSRElCubo,7705-SARM,TiMOS-B-6.1.R6
rCSRElectraTrujillo,7705-SARA,TiMOS-B-6.1.R6
rCSRElespuru,7705-SARF,TiMOS-B-6.1.R6
rCSRElGeneral,7705-SARA,TiMOS-B-6.1.R6
rCSRElGolf,7705-SARA,TiMOS-B-6.1.R6
rCSRElGrande,7705-SARA,TiMOS-B-6.1.R6
rCSRElHornero,7705-SARM,TiMOS-B-6.1.R6
rCSREliasAguirre,7705-SARA,TiMOS-B-6.1.R6
rCSREliasFlores,7705-SARA,TiMOS-B-6.1.R6
rCSRElLibertador,7705-SARA,TiMOS-B-6.1.R6
rCSRElMesias,7705-SARA,TiMOS-B-6.1.R6
rCSRElMorado2,7705-SARM,TiMOS-B-6.1.R6
rCSRElParral,7705-SARM,TiMOS-B-6.1.R6
rCSRElPeriodista,7705-SARM,TiMOS-B-6.1.R6
rCSRElPesquero,7705-SARA,TiMOS-B-6.1.R6
rCSRElPino,7705-SARA,TiMOS-B-6.1.R6
rCSRElPolo,7705-SARA,TiMOS-B-6.1.R6
rCSRElPolo2,7705-SARA,TiMOS-B-6.1.R6
rCSRElPorvenir,7705-SARA,TiMOS-B-6.1.R6
rCSRElPueblo,7705-SARF,TiMOS-B-6.1.R6
rCSRElRancho,7705-SARM,TiMOS-B-6.1.R6
rCSRElRecreo,7705-SARA,TiMOS-B-6.1.R6
rCSRElSoldeNaranjal,7705-SARM,TiMOS-B-6.1.R6
rCSREmancipacion,7705-SARF,TiMOS-B-6.1.R6
rCSREmilioAtus,7705-SARA,TiMOS-B-6.1.R6
rCSREncalada,7705-SARA,TiMOS-B-6.1.R6
rCSREnriqueLlosa,7705-SARM,TiMOS-B-6.1.R6
rCSREntradaSolyLuna,7705-SARA,TiMOS-B-6.1.R6
rCSRErnestoRivero,7705-SARM,TiMOS-B-5.0.R2
rCSREscardo,7705-SARA,TiMOS-B-6.1.R6
rCSREscueladePolicia,7705-SARM,TiMOS-B-6.1.R6
rCSREscueladePoliciaArq,7705-SARM,TiMOS-B-6.1.R6
rCSREspanha,7705-SARA,TiMOS-B-6.1.R6
rCSREspinales,7705-SARA,TiMOS-B-6.1.R6
rCSREssaludArequipa,7705-SARA,TiMOS-B-6.1.R6
rCSREstacionamientoUPC,7705-SARM,TiMOS-B-6.1.R6
rCSREstadioDiazHuertaC,7705-SARA,TiMOS-B-6.1.R6
rCSREstadioHuacho,7705-SARA,TiMOS-B-6.1.R6
rCSREstadioHualmay,7705-SARA,TiMOS-B-6.1.R6
rCSREstadioHuaura,7705-SARA,TiMOS-B-6.1.R6
rCSREstadioMiguelGrau,7705-SARF,TiMOS-B-6.1.R6
rCSREstadioNacional,7705-SARA,TiMOS-B-6.1.R6
rCSREstadioNacionalIndoor,7705-SARM,TiMOS-B-6.1.R6
rCSREstadioPiura,7705-SARA,TiMOS-B-6.1.R6
rCSREstadioSullana,7705-SARA,TiMOS-B-6.1.R6
rCSREstadioUnsaa,7705-SARM,TiMOS-B-6.1.R6
rCSREstano,7705-SARA,TiMOS-B-6.1.R6
rCSREsteves,7705-SARM,TiMOS-B-6.1.R6
rCSREstibadores,7705-SARA,TiMOS-B-6.1.R6
rCSREstibina,7705-SARA,TiMOS-B-6.1.R6
rCSREventosJockey,7705-SARA,TiMOS-B-6.1.R6
rCSREvitamiento,7705-SARM,TiMOS-B-6.1.R6
rCSREvitamientoSantaAnita,7705-SARM,TiMOS-B-6.1.R6
rCSRExplanadaMonumental,7705-SARM,TiMOS-B-6.1.R6
rCSRFacultadDeLetrasSanMarcos,7705-SARM,TiMOS-B-6.1.R6
rCSRFapArequipa,7705-SARA,TiMOS-B-6.1.R6
rCSRFarfanBallon,7705-SARA,TiMOS-B-6.1.R6
rCSRFarmagro,7705-SARA,TiMOS-B-6.1.R6
rCSRFaucett,7705-SARF,TiMOS-B-6.1.R6
rCSRFedericoNoguera,7705-SARA,TiMOS-B-6.1.R6
rCSRFedericoVillarrealdeChiclayo,7705-SARA,TiMOS-B-6.1.R6
rCSRFelipeOliva,7705-SARA,TiMOS-B-6.1.R6
rCSRFerrocarril,7705-SARA,TiMOS-B-6.0.R2
rCSRFertisa,7705-SARA,TiMOS-B-6.1.R6
rCSRFiestaHotelCasinoIndoor,7705-SARM,TiMOS-B-6.1.R6
rCSRFilomeno,7705-SARM,TiMOS-B-6.1.R6
rCSRFiltroArequipa,7705-SARM,TiMOS-B-6.1.R6
rCSRFindelMundo,7705-SARM,TiMOS-B-6.1.R6
rCSRFloraTristan,7705-SARA,TiMOS-B-6.0.R2
rCSRFlorenciaAlta,7705-SARA,TiMOS-B-6.1.R6
rCSRFloresPrimavera,7705-SARA,TiMOS-B-6.1.R6
rCSRFlorida,7705-SARA,TiMOS-B-6.1.R6
rCSRFlyingDog,7705-SARA,TiMOS-B-6.1.R6
rCSRFonafe,7705-SARM,TiMOS-B-6.1.R6
rCSRForestacion,7705-SARA,TiMOS-B-6.1.R6
rCSRFortalezaVitarte,7705-SARF,TiMOS-B-6.1.R6
rCSRFranciscoBolognesi,7705-SARM,TiMOS-B-6.1.R6
rCSRFranciscodeZela,7705-SARF,TiMOS-B-6.1.R6
rCSRFrecuenciaLatina,7705-SARA,TiMOS-B-6.1.R6
rCSRFumagachi,7705-SARA,TiMOS-B-6.1.R6
rCSRFundoLaCapitana,7705-SARM,TiMOS-B-6.1.R6
rCSRGalerias,7705-SARM,TiMOS-B-6.1.R6
rCSRGalvezBarrenechea,7705-SARA,TiMOS-B-6.1.R6
rCSRGamarraIndoor,7705-SARM,TiMOS-B-6.1.R6
rCSRGarcia,7705-SARF,TiMOS-B-6.1.R6
rCSRGaseoducto,7705-SARA,TiMOS-B-6.1.R6
rCSRGasparFernandez,7705-SARA,TiMOS-B-6.1.R6
rCSRGaviotasArica,7705-SARA,TiMOS-B-6.1.R6
rCSRGeneralGarzonTdp,7705-SARA,TiMOS-B-6.1.R6
rCSRGeneralVivanco,7705-SARA,TiMOS-B-6.1.R6
rCSRGeronimodeCabrera,7705-SARM,TiMOS-B-6.1.R6
rCSRGiclas,7705-SARA,TiMOS-B-6.1.R6
rCSRGirasol,7705-SARM,TiMOS-B-6.1.R6
rCSRGirasolesValle,7705-SARA,TiMOS-B-6.1.R6
rCSRGoldsSanBorja,7705-SARF,TiMOS-B-6.1.R6
rCSRGolfLosAndes,7705-SARA,TiMOS-B-6.1.R6
rCSRGolfLosIncas,7705-SARA,TiMOS-B-6.1.R6
rCSRGolfTrujillo,7705-SARF,TiMOS-B-6.1.R6
rCSRGonzalesPrada,7705-SARA,TiMOS-B-6.1.R6
rCSRGorriones2,7705-SARA,TiMOS-B-6.1.R6
rCSRGorriti,7705-SARM,TiMOS-B-6.1.R6
rCSRGoyeneche,7705-SARA,TiMOS-B-6.1.R6
rCSRGranChimu,7705-SARA,TiMOS-B-6.1.R6
rCSRGranChimuTrujillo,7705-SARM,TiMOS-B-6.1.R6
rCSRGranPajaten,7705-SARM,TiMOS-B-6.1.R6
rCSRGranTeatroNacional,7705-SARM,TiMOS-B-6.1.R6
rCSRGrau,7705-SARA,TiMOS-B-6.1.R6
rCSRGrauPiura,7705-SARM,TiMOS-B-6.1.R6
rCSRGrauPiura2,7705-SARA,TiMOS-B-6.1.R6
rCSRGuadalupe,7705-SARA,TiMOS-B-6.1.R6
rCSRGuardia,7705-SARM,TiMOS-B-6.1.R6
rCSRGuardiaCivilARQ,7705-SARA,TiMOS-B-6.1.R6
rCSRGurami,7705-SARA,TiMOS-B-6.1.R6
rCSRGuzmanBarron,7705-SARA,TiMOS-B-6.1.R6
rCSRH.EmergenciasPediatricas,7705-SARM,TiMOS-B-6.1.R6
rCSRHaciendaNaranjal,7705-SARA,TiMOS-B-6.1.R6
rCSRHaciendaPro,7705-SARM,TiMOS-B-6.1.R6
rCSRHermilioValdizan,7705-SARA,TiMOS-B-6.1.R6
rCSRHeroesdelCenepa,7705-SARM,TiMOS-B-6.1.R6
rCSRHiedra,7705-SARA,TiMOS-B-6.1.R6
rCSRHiggins,7705-SARA,TiMOS-B-6.1.R6
rCSRHipodromoArequipa,7705-SARA,TiMOS-B-6.1.R6
rCSRHiraokaIndependencia,7705-SARA,TiMOS-B-6.1.R6
rCSRHiraokaPetitThouars,7705-SARA,TiMOS-B-6.1.R6
rCSRHonorioDelgado,7705-SARF,TiMOS-B-6.1.R6
rCSRHospital2Mayo,7705-SARA,TiMOS-B-6.1.R6
rCSRHospitalAlmenara,7705-SARA,TiMOS-B-6.1.R6
rCSRHospitalBravoChico,7705-SARA,TiMOS-B-6.1.R6
rCSRHospitalCarrion,7705-SARA,TiMOS-B-6.1.R6
rCSRHospitaldelNinho,7705-SARA,TiMOS-B-6.1.R6
rCSRHospitaldePolicia,7705-SARA,TiMOS-B-6.1.R6
rCSRHospitalGoyoneche,7705-SARA,TiMOS-B-6.1.R6
rCSRHospitalLazarte,7705-SARA,TiMOS-B-6.1.R6
rCSRHospitalMariaAuxiliadora,7705-SARA,TiMOS-B-6.1.R6
rCSRHospitalMilitar,7705-SARM,TiMOS-B-6.1.R6
rCSRHospitalNeoplasicas,7705-SARA,TiMOS-B-6.1.R6
rCSRHospitalRebagliati,7705-SARM,TiMOS-B-6.1.R6
rCSRHotelCourtyard,7705-SARA,TiMOS-B-6.1.R6
rCSRHotelLibertador,7705-SARF,TiMOS-B-6.1.R6
rCSRHotelLibertadorAqp,7705-SARA,TiMOS-B-6.1.R6
rCSRHotelLibertadorIndoor,7705-SARA,TiMOS-B-6.1.R6
rCSRHotelSpaGolfLosIncas,7705-SARM,TiMOS-B-6.1.R6
rCSRHotSpotMonumental,7705-SARA,TiMOS-B-6.1.R6
rCSRHuacaLoma,7705-SARA,TiMOS-B-6.1.R6
rCSRHuachipaCentro,7705-SARA,TiMOS-B-6.1.R6
rCSRHuachipaNorte,7705-SARM,TiMOS-B-6.1.R6
rCSRHuachoEspinar,7705-SARA,TiMOS-B-6.1.R6
rCSRHuacracalle,7705-SARA,TiMOS-B-6.1.R6
rCSRHuallanca,7705-SARA,TiMOS-B-6.1.R6
rCSRHuaman,7705-SARA,TiMOS-B-6.1.R6
rCSRHuambacho,7705-SARA,TiMOS-B-6.1.R6
rCSRHuanchaco,7705-SARA,TiMOS-B-6.1.R6
rCSRHuanchacoCentro,7705-SARA,TiMOS-B-6.1.R6
rCSRHuanuco,7705-SARF,TiMOS-B-6.1.R6
rCSRHuaral,7705-SAR8,TiMOS-B-6.1.R6
rCSRHuaranguillo,7705-SARA,TiMOS-B-6.1.R6
rCSRHuarazCentro2,7705-SARA,TiMOS-B-6.1.R6
rCSRHuarmey,7705-SARA,TiMOS-B-6.1.R6
rCSRHuascar,7705-SARA,TiMOS-B-6.1.R6
rCSRHuascarCusco,7705-SARA,TiMOS-B-6.1.R6
rCSRHuauraPueblo,7705-SARA,TiMOS-B-6.1.R6
rCSRHuaylas2,7705-SARF,TiMOS-B-6.1.R6
rCSRHuaynapata,7705-SARA,TiMOS-B-6.1.R6
rCSRHuayopata,7705-SARA,TiMOS-B-6.1.R6
rCSRHuayrapata,7705-SARA,TiMOS-B-6.1.R6
rCSRHuiracocha,7705-SARA,TiMOS-B-6.1.R6
rCSRHuisonroque,7705-SARA,TiMOS-B-6.0.R2
rCSRHunter,7705-SARA,TiMOS-B-6.1.R6
rCSRIcaCentro,7705-SARM,TiMOS-B-6.1.R6
rCSRIcaComercial,7705-SARM,TiMOS-B-6.1.R6
rCSRIcaLaVictoria,7705-SARM,TiMOS-B-6.1.R6
rCSRIFBCertus,7705-SARA,TiMOS-B-6.1.R6
rCSRIloPuerto,7705-SARA,TiMOS-B-6.1.R6
rCSRImpsat,7705-SARM,TiMOS-B-6.1.R6
rCSRIncaRoca,7705-SARM,TiMOS-B-6.1.R6
rCSRInchcape,7705-SARA,TiMOS-B-6.1.R6
rCSRIncot,7705-SARF,TiMOS-B-6.1.R6
rCSRIndacochea,7705-SARA,TiMOS-B-6.1.R6
rCSRIndoamericana,7705-SARA,TiMOS-B-6.1.R6
rCSRIndoorUnsaIng,7705-SARA,TiMOS-B-6.1.R6
rCSRIndustrialCercado,7705-SARM,TiMOS-B-6.1.R6
rCSRInfantas,7705-SARM,TiMOS-B-6.1.R6
rCSRInmoviliariaAlquife,7705-SARA,TiMOS-B-6.1.R6
rCSRIntiRaymi,7705-SARA,TiMOS-B-6.1.R6
rCSRIsabelLaCatolica,7705-SARA,TiMOS-B-6.1.R6
rCSRIsilIndoor,7705-SARM,TiMOS-B-6.1.R6
rCSRIsilMiraflores,7705-SARA,TiMOS-B-6.1.R6
rCSRIsilSalaverry,7705-SARA,TiMOS-B-6.1.R6
rCSRIsrael,7705-SARA,TiMOS-B-6.1.R6
rCSRItalia,7705-SARM,TiMOS-B-6.1.R6
rCSRJaen,7705-SARA,TiMOS-B-6.1.R6
rCSRJaimeBausate,7705-SARM,TiMOS-B-6.1.R6
rCSRJamaica,7705-SARA,TiMOS-B-6.1.R6
rCSRJardinesDeCarabayllo,7705-SARM,TiMOS-B-6.1.R6
rCSRJatumMayo,7705-SARM,TiMOS-B-6.1.R6
rCSRJavierPrado,7705-SARA,TiMOS-B-6.1.R6
rCSRJerusalen,7705-SARM,TiMOS-B-6.1.R6
rCSRJesusdeNazareth,7705-SARM,TiMOS-B-6.1.R6
rCSRJicamarca,7705-SARA,TiMOS-B-6.1.R6
rCSRJironCarlos,7705-SARA,TiMOS-B-6.1.R6
rCSRJironDeLaUnion,7705-SARA,TiMOS-B-6.1.R6
rCSRJirondelaUnionIndoor,7705-SARA,TiMOS-B-6.1.R6
rCSRJironMercado,7705-SARM,TiMOS-B-6.1.R6
rCSRJjElias,7705-SARM,TiMOS-B-6.1.R6
rCSRJMCuadros,7705-SARA,TiMOS-B-6.1.R6
rCSRJockeyIndoor,7705-SARM,TiMOS-B-6.1.R6
rCSRJockeyPlaza,7705-SARA,TiMOS-B-6.1.R6
rCSRJohnKennedy,7705-SARA,TiMOS-B-6.1.R6
rCSRJorgeChavez,7705-SARM,TiMOS-B-6.1.R6
rCSRJorgeChavezAqp,7705-SARA,TiMOS-B-6.1.R6
rCSRJorgeMarshal,7705-SARM,TiMOS-B-6.1.R6
rCSRJosedelaTorre,7705-SARA,TiMOS-B-6.1.R6
rCSRJoseDiaz,7705-SARA,TiMOS-B-6.1.R6
rCSRJoseGranda,7705-SARA,TiMOS-B-6.1.R6
rCSRJoseGranda2,7705-SARF,TiMOS-B-6.1.R6
rCSRJoseLeal,7705-SARA,TiMOS-B-6.1.R6
rCSRJoseLeal2,7705-SARA,TiMOS-B-6.1.R6
rCSRJoseMariaPiura,7705-SARM,TiMOS-B-6.1.R6
rCSRJrAyacucho,7705-SARA,TiMOS-B-6.1.R6
rCSRJrCamana,7705-SARA,TiMOS-B-6.1.R6
rCSRJrCandia,7705-SARM,TiMOS-B-6.1.R6
rCSRJrcingenieria,7705-SARA,TiMOS-B-6.1.R6
rCSRJRCuzcoMagdalena,7705-SARA,TiMOS-B-6.1.R6
rCSRJrManuGarcia,7705-SARM,TiMOS-B-6.1.R6
rCSRJuanFuentes,7705-SARM,TiMOS-B-6.1.R6
rCSRJuanVelazco,7705-SARM,TiMOS-B-5.0.R2
rCSRJuanXXIII,7705-SARM,TiMOS-B-6.1.R6
rCSRJuliaca,7705-SARA,TiMOS-B-6.1.R6
rCSRJulioCTello,7705-SARA,TiMOS-B-6.1.R6
rCSRJupiter,7705-SARM,TiMOS-B-6.1.R6
rCSRJusticiaNorte,7705-SARA,TiMOS-B-6.1.R6
rCSRKalaRent,7705-SARA,TiMOS-B-6.1.R6
rCSRKantus,7705-SARA,TiMOS-B-6.1.R6
rCSRKm10Tupac,7705-SARA,TiMOS-B-6.1.R6
rCSRKm11Tupac,7705-SARM,TiMOS-B-6.1.R6
rCSRKm8,7705-SARA,TiMOS-B-6.1.R6
rCSRLaAlmudena,7705-SARA,TiMOS-B-6.1.R6
rCSRLaCachina,7705-SARM,TiMOS-B-6.1.R6
rCSRLaCanseco,7705-SARA,TiMOS-B-6.1.R6
rCSRLaCantuta,7705-SARM,TiMOS-B-6.1.R6
rCSRLaCantuta2,7705-SARM,TiMOS-B-6.1.R6
rCSRLaCantutaCuzco,7705-SARA,TiMOS-B-6.1.R6
rCSRLaCapullana,7705-SARA,TiMOS-B-6.1.R6
rCSRLaComision,7705-SARM,TiMOS-B-6.1.R6
rCSRLaConfraternidad,7705-SARM,TiMOS-B-6.1.R6
rCSRLaderasDeChillon,7705-SARM,TiMOS-B-6.1.R6
rCSRLaDivina,7705-SARA,TiMOS-B-6.1.R6
rCSRLaEncalada,7705-SARA,TiMOS-B-6.1.R6
rCSRLaEsperanza,7705-SARM,TiMOS-B-6.1.R6
rCSRLaFloresta,7705-SARM,TiMOS-B-6.1.R6
rCSRLagunasDelMar,7705-SARA,TiMOS-B-6.1.R6
rCSRLaHuayrona,7705-SARA,TiMOS-B-6.2.R2
rCSRLaHuerta,7705-SARM,TiMOS-B-6.1.R6
rCSRLaMarina,7705-SARM,TiMOS-B-6.1.R6
rCSRLambayeque,7705-SARA,TiMOS-B-6.1.R6
rCSRLambramani,7705-SARM,TiMOS-B-6.1.R6
rCSRLaMerced,7705-SARA,TiMOS-B-6.1.R6
rCSRLampadeOro,7705-SARA,TiMOS-B-6.1.R6
rCSRLamud,7705-SARA,TiMOS-B-6.1.R6
rCSRLaPampilla,7705-SARM,TiMOS-B-6.1.R6
rCSRLaPaz,7705-SARM,TiMOS-B-6.1.R6
rCSRLaPerlaARQ,7705-SARA,TiMOS-B-6.1.R6
rCSRLaPlanicie,7705-SARA,TiMOS-B-6.1.R6
rCSRLaPlanicieEste,7705-SARA,TiMOS-B-6.1.R6
rCSRLaPunta,7705-SARA,TiMOS-B-6.1.R6
rCSRLarapa,7705-SARA,TiMOS-B-6.1.R6
rCSRLaRepublicaJockey,7705-SARA,TiMOS-B-6.1.R6
rCSRLaSalle,7705-SARA,TiMOS-B-6.1.R6
rCSRLasAmericas,7705-SARA,TiMOS-B-6.1.R6
rCSRLasAmericasAbancay,7705-SARA,TiMOS-B-6.1.R6
rCSRLasArtes,7705-SARM,TiMOS-B-6.1.R6
rCSRLasCastanitas,7705-SARM,TiMOS-B-6.1.R6
rCSRLasColinas,7705-SARM,TiMOS-B-6.1.R6
rCSRLasDelicias,7705-SARA,TiMOS-B-6.1.R6
rCSRLasDominicas,7705-SARA,TiMOS-B-6.1.R6
rCSRLasEncinas,7705-SARA,TiMOS-B-6.1.R6
rCSRLasFlores,7705-SARF,TiMOS-B-6.1.R6
rCSRLasLojas,7705-SARM,TiMOS-B-6.1.R6
rCSRLasMalvas,7705-SARM,TiMOS-B-6.1.R6
rCSRLasMargaritas,7705-SARM,TiMOS-B-6.1.R6
rCSRLasMusas,7705-SARM,TiMOS-B-6.1.R6
rCSRLasPalmeras,7705-SARM,TiMOS-B-6.1.R6
rCSRLasQuenas,7705-SARM,TiMOS-B-6.1.R6
rCSRLasRetamas,7705-SARM,TiMOS-B-6.1.R6
rCSRLasTorres,7705-SARA,TiMOS-B-6.1.R6
rCSRLasTortugas,7705-SARA,TiMOS-B-6.1.R6
rCSRLaTomilla,7705-SARA,TiMOS-B-6.1.R6
rCSRLaUni,7705-SARA,TiMOS-B-6.1.R6
rCSRLaureles,7705-SARA,TiMOS-B-6.1.R6
rCSRLaVenturosa,7705-SARA,TiMOS-B-6.1.R6
rCSRLaVictoria,7705-SARM,TiMOS-B-6.1.R6
rCSRLaVina,7705-SARM,TiMOS-B-6.1.R6
rCSRLeguia,7705-SARM,TiMOS-B-6.1.R6
rCSRLemos,7705-SARA,TiMOS-B-6.1.R6
rCSRLeoncioPrado,7705-SARM,TiMOS-B-6.1.R6
rCSRLeoncitos_VES,7705-SARA,TiMOS-B-6.1.R6
rCSRLeonVelarde,7705-SARM,TiMOS-B-6.1.R6
rCSRLeonXIII,7705-SARM,TiMOS-B-6.1.R6
rCSRLibertadoresDeChosica,7705-SARA,TiMOS-B-6.1.R6
rCSRLiceoNaval,7705-SARA,TiMOS-B-6.1.R6
rCSRLiLawnTennis,7705-SARA,TiMOS-B-6.1.R6
rCSRLimaCanta,7705-SARA,TiMOS-B-6.1.R6
rCSRLimaCargoCity,7705-SARM,TiMOS-B-6.1.R6
rCSRLimaPolo,7705-SARM,TiMOS-B-6.1.R6
rCSRLimatambo,7705-SARM,TiMOS-B-6.1.R6
rCSRLince,7705-SARM,TiMOS-B-6.1.R6
rCSRLince2,7705-SARF,TiMOS-B-6.1.R6
rCSRLinderolaMolina,7705-SARM,TiMOS-B-6.1.R6
rCSRLithoLaser,7705-SARA,TiMOS-B-6.1.R6
rCSRLomasMangomarca,7705-SARA,TiMOS-B-6.1.R6
rCSRLopezAlbujar,7705-SARA,TiMOS-B-6.1.R6
rCSRLopezDeAyala,7705-SARM,TiMOS-B-6.1.R6
rCSRLorayLora,7705-SARM,TiMOS-B-6.1.R6
rCSRLordCochrane,7705-SARA,TiMOS-B-6.1.R6
rCSRLoretoPiura,7705-SARA,TiMOS-B-6.1.R6
rCSRLosAbetos,7705-SARA,TiMOS-B-6.1.R6
rCSRLosAlgarrobos,7705-SARM,TiMOS-B-6.1.R6
rCSRLosAlmedos,7705-SARA,TiMOS-B-6.1.R6
rCSRLosAngeles,7705-SARA,TiMOS-B-6.1.R6
rCSRLosAymaras,7705-SARA,TiMOS-B-6.1.R6
rCSRLosCedros,7705-SARA,TiMOS-B-6.1.R6
rCSRLosChoros,7705-SARA,TiMOS-B-6.1.R6
rCSRLosCisnes,7705-SARF,TiMOS-B-6.1.R6
rCSRLosDatiles,7705-SARA,TiMOS-B-6.1.R6
rCSRLosDelfines,7705-SARM,TiMOS-B-6.1.R6
rCSRLosDuraznos,7705-SARA,TiMOS-B-6.1.R6
rCSRLosEjidos,7705-SARA,TiMOS-B-6.1.R6
rCSRLosFlamencos,7705-SARF,TiMOS-B-6.1.R6
rCSRLosFrailes,7705-SARM,TiMOS-B-6.1.R6
rCSRLosGorriones,7705-SARM,TiMOS-B-6.1.R6
rCSRLosHeroes,7705-SARM,TiMOS-B-6.1.R6
rCSRLosHerrerillos,7705-SARA,TiMOS-B-6.1.R6
rCSRLosHusares,7705-SARA,TiMOS-B-6.1.R6
rCSRLosIncas,7705-SARM,TiMOS-B-6.1.R6
rCSRLosIncasLima,7705-SARM,TiMOS-B-6.1.R6
rCSRLosIncasPuno,7705-SARA,TiMOS-B-6.1.R6
rCSRLosInsurgentes,7705-SARM,TiMOS-B-6.1.R6
rCSRLosJades,7705-SARA,TiMOS-B-6.1.R6
rCSRLosJardinesEste,7705-SARA,TiMOS-B-6.1.R6
rCSRLosJaspes,7705-SARA,TiMOS-B-6.1.R6
rCSRLosLirios,7705-SARA,TiMOS-B-6.1.R6
rCSRLosMaestros,7705-SARM,TiMOS-B-6.1.R6
rCSRLosMilagros,7705-SARM,TiMOS-B-6.1.R6
rCSRLosMinerales,7705-SARM,TiMOS-B-6.1.R6
rCSRLosNegocios,7705-SARM,TiMOS-B-6.1.R6
rCSRLosNogales,7705-SARA,TiMOS-B-6.1.R6
rCSRLosOlivos,7705-SARA,TiMOS-B-6.1.R6
rCSRLosOsos,7705-SARA,TiMOS-B-6.1.R6
rCSRLosParques,7705-SARM,TiMOS-B-6.1.R6
rCSRLosPensamientos,7705-SARM,TiMOS-B-6.1.R6
rCSRLosPilares,7705-SARA,TiMOS-B-6.1.R6
rCSRLosPinos,7705-SARA,TiMOS-B-6.1.R6
rCSRLosPlanetas,7705-SARM,TiMOS-B-6.1.R6
rCSRLosPostes,7705-SARM,TiMOS-B-6.1.R6
rCSRLosPostesdelNorte,7705-SARM,TiMOS-B-6.1.R6
rCSRLosQuechuas,7705-SARA,TiMOS-B-6.1.R6
rCSRLosReyes,7705-SARF,TiMOS-B-6.1.R6
rCSRLosRosalesdechorrillos,7705-SARM,TiMOS-B-6.1.R6
rCSRLosRosalesTacna,7705-SARM,TiMOS-B-6.1.R6
rCSRLosSauces,7705-SARM,TiMOS-B-6.1.R6
rCSRLosSaucesSJL,7705-SARA,TiMOS-B-6.1.R6
rCSRLosSuspiros,7705-SARA,TiMOS-B-6.1.R6
rCSRLosTulipanes,7705-SARA,TiMOS-B-6.1.R6
rCSRLosVirreyes,7705-SARM,TiMOS-B-6.1.R6
rCSRLucanas,7705-SARM,TiMOS-B-6.1.R6
rCSRLucanasII,7705-SARA,TiMOS-B-6.1.R6
rCSRLucitanaQuillabamba,7705-SARA,TiMOS-B-6.1.R6
rCSRLuisMontero,7705-SARM,TiMOS-B-6.1.R6
rCSRLurin,7705-SARM,TiMOS-B-6.1.R6
rCSRLurinCarretera,7705-SARA,TiMOS-B-6.1.R6
rCSRLurinET,7705-SARA,TiMOS-B-6.1.R6
rCSRLurinIndustrial,7705-SARA,TiMOS-B-6.1.R6
rCSRLurinPueblo,7705-SARA,TiMOS-B-6.1.R6
rCSRLurinTarapaca,7705-SARA,TiMOS-B-6.1.R6
rCSRLurinTGP,7705-SARA,TiMOS-B-6.1.R6
rCSRMachuPicchu,7705-SARA,TiMOS-B-6.1.R6
rCSRMacroMancoraPueblo,7705-SARA,TiMOS-B-6.1.R6
rCSRMacroPimentel,7705-SARA,TiMOS-B-6.1.R6
rCSRMadreselvas,7705-SARA,TiMOS-B-6.1.R6
rCSRMagdalena,7705-SARA,TiMOS-B-6.1.R6
rCSRMagisterio,7705-SARF,TiMOS-B-6.1.R6
rCSRMagnoliasTacna,7705-SARA,TiMOS-B-6.1.R6
rCSRMaipu,7705-SARA,TiMOS-B-6.1.R6
rCSRMala,7705-SARA,TiMOS-B-6.1.R6
rCSRMalchora,7705-SARA,TiMOS-B-6.1.R6
rCSRMaleconBalta,7705-SARA,TiMOS-B-6.1.R6
rCSRMaleconCheca,7705-SARA,TiMOS-B-6.1.R6
rCSRMaleconChillon,7705-SARM,TiMOS-B-6.1.R6
rCSRMaleconCisneros,7705-SARM,TiMOS-B-6.1.R6
rCSRMallAventuraPlazaColonial,7705-SARF,TiMOS-B-6.1.R6
rCSRMallAventuraPlazaIndoor,7705-SARA,TiMOS-B-6.1.R6
rCSRMallAventuraPlazaSantaAnita,7705-SARM,TiMOS-B-6.1.R6
rCSRMallDelSurIndoor,7705-SARA,TiMOS-B-6.1.R6
rCSRMalldelSurOutdoor,7705-SARA,TiMOS-B-6.1.R6
rCSRMallPlazaArequipa,7705-SARA,TiMOS-B-6.1.R6
rCSRMallPlazaTrujillo,7705-SARA,TiMOS-B-6.1.R6
rCSRManantay,7705-SARA,TiMOS-B-6.1.R6
rCSRMancoCapac,7705-SARF,TiMOS-B-6.1.R6
rCSRMancoraNorte,7705-SARA,TiMOS-B-6.1.R6
rCSRMangomarca,7705-SARF,TiMOS-B-6.1.R6
rCSRMansiche,7705-SARF,TiMOS-B-6.1.R6
rCSRManuelSegura,7705-SARM,TiMOS-B-6.1.R6
rCSRManuelSeoane,7705-SARM,TiMOS-B-6.1.R6
rCSRManzano,7705-SARA,TiMOS-B-6.1.R6
rCSRMaquinarias,7705-SARA,TiMOS-B-6.1.R6
rCSRMaranga,7705-SARA,TiMOS-B-6.1.R6
rCSRMarangani,7705-SARA,TiMOS-B-6.1.R6
rCSRMaranon,7705-SARM,TiMOS-B-6.1.R6
rCSRMarcavalle,7705-SARA,TiMOS-B-6.1.R6
rCSRMarcavilca,7705-SARM,TiMOS-B-6.1.R6
rCSRMariaAuxiliadora,7705-SARF,TiMOS-B-6.1.R6
rCSRMarianoElPastor,7705-SARA,TiMOS-B-6.1.R6
rCSRMariategui,7705-SARM,TiMOS-B-6.1.R6
rCSRMarieCurie,7705-SARA,TiMOS-B-6.1.R6
rCSRMariscalBenavides,7705-SARA,TiMOS-B-6.1.R6
rCSRMariscalCaceres,7705-SARM,TiMOS-B-6.1.R6
rCSRMariscalCastilla,7705-SARA,TiMOS-B-6.1.R6
rCSRMarPicante,7705-SARA,TiMOS-B-6.1.R6
rCSRMarriotIndoor,7705-SARM,TiMOS-B-6.1.R6
rCSRMartiresUchuracay,7705-SARA,TiMOS-B-6.1.R6
rCSRMatazango,7705-SARA,TiMOS-B-6.1.R6
rCSRMatellini,7705-SARM,TiMOS-B-6.1.R6
rCSRMateoPumacahua,7705-SARM,TiMOS-B-6.1.R6
rCSRMatute,7705-SARM,TiMOS-B-6.1.R6
rCSRMatuteIndoor,7705-SARM,TiMOS-B-6.1.R6
rCSRMegaplazaArequipa,7705-SARA,TiMOS-B-6.1.R6
rCSRMegaPlazaChinchaIndoor,7705-SARA,TiMOS-B-6.1.R6
rCSRMegaplazaChorrillos,7705-SARA,TiMOS-B-6.1.R6
rCSRMegaplazaVillaelSalvador,7705-SARA,TiMOS-B-6.1.R6
rCSRMelgar,7705-SARM,TiMOS-B-6.1.R6
rCSRMelitonCarbajal,7705-SARF,TiMOS-B-6.1.R6
rCSRMepsa,7705-SARM,TiMOS-B-6.1.R6
rCSRMercado10,7705-SARA,TiMOS-B-6.1.R6
rCSRMercadoMayorista,7705-SARA,TiMOS-B-6.1.R6
rCSRMercadoNorte,7705-SARA,TiMOS-B-6.1.R6
rCSRMercedarias,7705-SARM,TiMOS-B-6.1.R6
rCSRMerinoReyna,7705-SARM,TiMOS-B-6.1.R6
rCSRMesaRedonda,7705-SARM,TiMOS-B-6.1.R6
rCSRMetroCerroColorado,7705-SARA,TiMOS-B-6.1.R6
rCSRMetroGarzon,7705-SARA,TiMOS-B-6.1.R6
rCSRMetroMendiola,7705-SARA,TiMOS-B-6.0.R5
rCSRMetroPershing,7705-SARA,TiMOS-B-6.1.R6
rCSRMetroPrimavera,7705-SARA,TiMOS-B-6.1.R6
rCSRMetroUNI,7705-SARA,TiMOS-B-6.1.R6
rCSRMetroWiracocha,7705-SARA,TiMOS-B-6.1.R6
rCSRMeysiJuliaca,7705-SARA,TiMOS-B-6.1.R6
rCSRMiamiIca,7705-SARA,TiMOS-B-6.0.R2
rCSRMicaelaBastidas,7705-SARM,TiMOS-B-6.1.R6
rCSRMicaelaBastidas2,7705-SARA,TiMOS-B-6.1.R6
rCSRMicroceldaAeropuerto,7705-SARA,TiMOS-B-6.1.R6
rCSRMigraciones02,7705-SARA,TiMOS-B-6.1.R6
rCSRMiguelChecaPiura,7705-SARM,TiMOS-B-6.1.R6
rCSRMiguelGrau,7705-SARF,TiMOS-B-6.1.R6
rCSRMiguelIglesias,7705-SARA,TiMOS-B-6.1.R6
rCSRMiller,7705-SARM,TiMOS-B-6.1.R6
rCSRMinceturIndoor,7705-SARA,TiMOS-B-6.1.R6
rCSRMinisteriodeEconomiayFinanza,7705-SARM,TiMOS-B-6.1.R6
rCSRMinisteriodeEducacion,7705-SARA,TiMOS-B-6.1.R6
rCSRMinisteriodelInterior,7705-SARA,TiMOS-B-6.1.R4
rCSRMinisterioEducacionIndoor,7705-SARM,TiMOS-B-6.1.R6
rCSRMinisterioPublicoExWiesse,7705-SARM,TiMOS-B-6.1.R6
rCSRMinisterioPublicoSedeCarabay,7705-SARM,TiMOS-B-6.1.R6
rCSRMinka,7705-SARA,TiMOS-B-6.1.R6
rCSRMinsaSalaverry,7705-SARM,TiMOS-B-6.1.R6
rCSRMiPeru,7705-SARA,TiMOS-B-6.1.R6
rCSRMisionero,7705-SARM,TiMOS-B-6.1.R6
rCSRMoche,7705-SARA,TiMOS-B-6.1.R6
rCSRModelo,7705-SARM,TiMOS-B-6.1.R6
rCSRMonitorHuascar,7705-SARM,TiMOS-B-6.1.R6
rCSRMonserrate,7705-SARA,TiMOS-B-6.0.R2
rCSRMonteBello,7705-SARF,TiMOS-B-6.1.R6
rCSRMonteBlanco,7705-SARA,TiMOS-B-6.1.R6
rCSRMonteClaro,7705-SARA,TiMOS-B-6.1.R6
rCSRMontenegro,7705-SARM,TiMOS-B-6.1.R6
rCSRMonterrey,7705-SARA,TiMOS-B-6.1.R6
rCSRMonterricoCentral,7705-SARM,TiMOS-B-6.1.R6
rCSRMoonLight,7705-SARM,TiMOS-B-6.1.R6
rCSRMoranUribe,7705-SARA,TiMOS-B-6.1.R6
rCSRMorelli,7705-SARA,TiMOS-B-6.1.R6
rCSRMorochucos,7705-SARM,TiMOS-B-6.1.R6
rCSRMoshoqueque2,7705-SARA,TiMOS-B-6.1.R6
rCSRMotupe,7705-SARA,TiMOS-B-6.1.R6
rCSRMotupeJayanca,7705-SARA,TiMOS-B-6.1.R6
rCSRMozart,7705-SARA,TiMOS-B-6.1.R6
rCSRMPFiscaliaAnticorrupcion,7705-SARM,TiMOS-B-6.1.R6
rCSRMPFiscaliadeFamilia,7705-SARA,TiMOS-B-6.1.R6
rCSRMPSedePrincipal,7705-SARM,TiMOS-B-6.1.R6
rCSRMSC05,7705-SARM,TiMOS-B-6.1.R6
rCSRMtc,7705-SARM,TiMOS-B-6.1.R6
rCSRMuebles02,7705-SARA,TiMOS-B-6.1.R6
rCSRMunicipalidaddeAte,7705-SARM,TiMOS-B-6.1.R6
rCSRMunicipalidadDeComas,7705-SARM,TiMOS-B-6.1.R6
rCSRMuniVillaelSalvador,7705-SARA,TiMOS-B-6.1.R6
rCSRMuseodelaNacionIndoor,7705-SARA,TiMOS-B-6.1.R6
rCSRNaranjal02,7705-SARA,TiMOS-B-6.1.R6
rCSRNAT13deAbril,7705-SARA,TiMOS-B-6.1.R6
rCSRNATFiestasCandelaria,7705-SARA,TiMOS-B-6.1.R6
rCSRNazarenas,7705-SARM,TiMOS-B-6.1.R6
rCSRNazareth,7705-SARM,TiMOS-B-6.1.R6
rCSRNeoplasicas,7705-SARA,TiMOS-B-6.1.R6
rCSRNeshuya,7705-SARA,TiMOS-B-6.1.R6
rCSRNewton,7705-SARF,TiMOS-B-6.1.R6
rCSRNicolasDePierola,7705-SARM,TiMOS-B-6.1.R6
rCSRNinosMartires,7705-SARM,TiMOS-B-6.1.R6
rCSRNopal,7705-SARA,TiMOS-B-6.1.R6
rCSRNovotelCusco1,7705-SARA,TiMOS-B-6.1.R6
rCSRNuevaCalca,7705-SARA,TiMOS-B-6.1.R6
rCSRNuevaPlayaelSilencio,7705-SARA,TiMOS-B-6.1.R6
rCSRNuevaTacna,7705-SARM,TiMOS-B-6.1.R6
rCSRNuevaVida,7705-SARA,TiMOS-B-6.1.R6
rCSRNuevaVida2,7705-SARA,TiMOS-B-6.1.R6
rCSRNuevoBarranco,7705-SARF,TiMOS-B-6.1.R6
rCSRNuevoChimbote,7705-SARA,TiMOS-B-6.1.R6
rCSRNuevoMegaplazaChimbote,7705-SARA,TiMOS-B-6.1.R6
rCSRNuevoMiraflores,7705-SARM,TiMOS-B-6.1.R6
rCSRNuevoPardo,7705-SARM,TiMOS-B-6.1.R6
rCSRNuevoParque,7705-SARA,TiMOS-B-6.1.R6
rCSRNuevoReal,7705-SARM,TiMOS-B-6.1.R6
rCSRNuevoSachaca,7705-SARA,TiMOS-B-6.1.R6
rCSRObregosa,7705-SARA,TiMOS-B-6.1.R6
rCSROcharan,7705-SARA,TiMOS-B-6.1.R6
rCSROcharan2,7705-SARA,TiMOS-B-6.1.R6
rCSROcopilla,7705-SARA,TiMOS-B-6.0.R2
rCSROcros,7705-SARA,TiMOS-B-6.1.R6
rCSROllantay,7705-SARA,TiMOS-B-6.1.R6
rCSROllantaytambo,7705-SARA,TiMOS-B-6.1.R6
rCSROmega,7705-SARA,TiMOS-B-6.1.R6
rCSROmicron,7705-SARF,TiMOS-B-6.1.R6
rCSROpenAtocongo,7705-SARA,TiMOS-B-6.1.R6
rCSROpenPlaza,7705-SARA,TiMOS-B-6.1.R6
rCSROpenPlazaPucallpa,7705-SARA,TiMOS-B-6.1.R6
rCSROrganosPlaya,7705-SARA,TiMOS-B-6.1.R6
rCSROropesa,7705-SARA,TiMOS-B-6.1.R6
rCSROrquideasNorte,7705-SARA,TiMOS-B-6.1.R6
rCSROscarBenavides,7705-SARM,TiMOS-B-6.1.R6
rCSROvaloBolognesi,7705-SARA,TiMOS-B-6.1.R6
rCSROvalodeLaMarina,7705-SARA,TiMOS-B-6.1.R6
rCSROvaloFatima,7705-SARM,TiMOS-B-6.1.R6
rCSROvaloGarcilazo,7705-SARA,TiMOS-B-6.1.R6
rCSROvaloGiraldez,7705-SARA,TiMOS-B-6.1.R6
rCSROvaloGutierrez,7705-SARA,TiMOS-B-6.1.R6
rCSROvaloHuarochiri,7705-SARA,TiMOS-B-6.1.R6
rCSROvaloLarco,7705-SARA,TiMOS-B-6.1.R6
rCSROvaloPachacutec,7705-SARA,TiMOS-B-6.1.R6
rCSROvaloPapal,7705-SARM,TiMOS-B-6.1.R6
rCSROvaloSantaAnita,7705-SARA,TiMOS-B-6.1.R6
rCSROvaloSepulveda,7705-SARA,TiMOS-B-6.1.R6
rCSROvChiclayo,7705-SARM,TiMOS-B-6.1.R6
rCSROyola,7705-SARA,TiMOS-B-6.1.R6
rCSRPabloCasals,7705-SARA,TiMOS-B-6.1.R6
rCSRPabloOlavide,7705-SARA,TiMOS-B-6.1.R6
rCSRPacasmayo,7705-SARA,TiMOS-B-6.1.R6
rCSRPachacamac,7705-SAR8,TiMOS-B-6.1.R6
rCSRPachacutec,7705-SARM,TiMOS-B-6.1.R6
rCSRPachacutecArequipa,7705-SARM,TiMOS-B-6.1.R6
rCSRPacifico,7705-SARA,TiMOS-B-6.1.R6
rCSRPacificoIndoor,7705-SARA,TiMOS-B-6.1.R6
rCSRPadreIzaguirre,7705-SARM,TiMOS-B-6.1.R6
rCSRPaijan,7705-SARA,TiMOS-B-6.1.R6
rCSRPaitaCentro,7705-SARA,TiMOS-B-6.1.R6
rCSRPalaciodeJusticiaPJ,7705-SARA,TiMOS-B-6.1.R6
rCSRPalaciodeJusticiaTrujillo,7705-SARA,TiMOS-B-6.1.R6
rCSRPalacios,7705-SARM,TiMOS-B-6.1.R6
rCSRPalca,7705-SARA,TiMOS-B-6.1.R6
rCSRPalmaSur,7705-SARM,TiMOS-B-6.1.R6
rCSRPalmerasDeGolf,7705-SARA,TiMOS-B-6.1.R6
rCSRPaloRedondo,7705-SARA,TiMOS-B-6.1.R6
rCSRPampadeCamarones,7705-SARA,TiMOS-B-6.1.R6
rCSRPampaLibre,7705-SARA,TiMOS-B-6.1.R6
rCSRPanamericanaGolf,7705-SARM,TiMOS-B-6.1.R6
rCSRPando,7705-SARM,TiMOS-B-6.1.R6
rCSRPantanosdeVilla,7705-SARM,TiMOS-B-6.1.R6
rCSRPar11Melgarejo,7705-SARA,TiMOS-B-6.1.R6
rCSRPar18Constructores,7705-SARA,TiMOS-B-6.1.R6
rCSRPar19LaLagunaGrande,7705-SARA,TiMOS-B-6.1.R6
rCSRPar3Musa,7705-SARA,TiMOS-B-6.1.R6
rCSRPar6OvaloMonitor,7705-SARA,TiMOS-B-6.1.R6
rCSRPar8Ontario,7705-SARA,TiMOS-B-6.1.R6
rCSRPar9Frutales,7705-SARA,TiMOS-B-6.1.R6
rCSRParaGrande,7705-SARM,TiMOS-B-6.1.R6
rCSRParaiso,7705-SARM,TiMOS-B-6.1.R6
rCSRParamongaCity,7705-SARA,TiMOS-B-6.1.R6
rCSRPardo2,7705-SARA,TiMOS-B-6.1.R6
rCSRPardoyAliaga,7705-SARA,TiMOS-B-6.1.R6
rCSRParinacochas,7705-SARM,TiMOS-B-6.1.R6
rCSRParMovil11Eucaliptos,7705-SARA,TiMOS-B-6.1.R6
rCSRParMovil3Forestales,7705-SARA,TiMOS-B-6.1.R6
rCSRParMovil7Industriales,7705-SARA,TiMOS-B-6.1.R6
rCSRParodi,7705-SARA,TiMOS-B-6.1.R6
rCSRParPaulHarris,7705-SARA,TiMOS-B-6.1.R6
rCSRParqueAntequero,7705-SARA,TiMOS-B-6.1.R6
rCSRParqueArquitectos,7705-SARA,TiMOS-B-6.1.R6
rCSRParqueCentral,7705-SARA,TiMOS-B-6.1.R6
rCSRParqueConcordia,7705-SARM,TiMOS-B-6.1.R6
rCSRParquedelaExposicion,7705-SARA,TiMOS-B-6.1.R6
rCSRParquedelTrabajo,7705-SARA,TiMOS-B-6.1.R6
rCSRParqueIndustrialArequipa,7705-SARA,TiMOS-B-6.1.R6
rCSRParqueIndustrialTrujillo,7705-SARM,TiMOS-B-6.1.R6
rCSRParqueKennedy,7705-SARM,TiMOS-B-6.1.R6
rCSRParqueLambramaniIndoor,7705-SARM,TiMOS-B-6.1.R6
rCSRParqueMariategui,7705-SARA,TiMOS-B-6.1.R6
rCSRParqueMaytaCapac,7705-SARM,TiMOS-B-6.1.R6
rCSRParqueMistura,7705-SARA,TiMOS-B-6.1.R6
rCSRParqueSur,7705-SARM,TiMOS-B-6.1.R6
rCSRParqueVillaAlejandro,7705-SARA,TiMOS-B-6.1.R6
rCSRParra,7705-SARM,TiMOS-B-6.1.R6
rCSRPaseoAmancaes,7705-SARA,TiMOS-B-6.1.R6
rCSRPaseoCentral,7705-SARA,TiMOS-B-6.1.R6
rCSRPaseoColon,7705-SARA,TiMOS-B-6.1.R6
rCSRPaseodelMar,7705-SARA,TiMOS-B-6.1.R6
rCSRPaseoLaCastellana,7705-SARM,TiMOS-B-6.1.R6
rCSRPaseoLaPaz,7705-SARA,TiMOS-B-6.1.R6
rCSRPaseoMercaderes,7705-SARA,TiMOS-B-6.1.R6
rCSRPastaza,7705-SARM,TiMOS-B-6.1.R6
rCSRPastorSuarez,7705-SARM,TiMOS-B-6.1.R6
rCSRPativilca,7705-SARA,TiMOS-B-6.1.R6
rCSRPatrocinioRimac,7705-SARA,TiMOS-B-6.1.R6
rCSRPaulHarris,7705-SARM,TiMOS-B-6.1.R6
rCSRPayPay,7705-SARM,TiMOS-B-6.1.R6
rCSRPDICajamarca,7705-SARA,TiMOS-B-6.1.R6
rCSRPDIChiclayo,7705-SARA,TiMOS-B-6.1.R6
rCSRPDIChimbote,7705-SARA,TiMOS-B-6.1.R6
rCSRPDICusco,7705-SARA,TiMOS-B-6.1.R6
rCSRPDIHuancayo,7705-SARA,TiMOS-B-6.1.R6
rCSRPDIIca,7705-SARA,TiMOS-B-6.1.R6
rCSRPDILoreto,7705-SARA,TiMOS-B-6.1.R6
rCSRPDIPiura,7705-SARA,TiMOS-B-6.1.R6
rCSRPDITacna,7705-SARA,TiMOS-B-6.1.R6
rCSRPedroBeltran,7705-SARA,TiMOS-B-6.1.R6
rCSRPedrodeOsma,7705-SARA,TiMOS-B-6.1.R6
rCSRPedroMiota,7705-SARA,TiMOS-B-6.1.R6
rCSRPedroPortillo,7705-SARM,TiMOS-B-6.1.R6
rCSRPedroPortilloPucallpa,7705-SAR8,TiMOS-B-6.1.R6
rCSRPedroRuiz,7705-SARM,TiMOS-B-6.1.R6
rCSRPedroSilva,7705-SARM,TiMOS-B-6.1.R6
rCSRPenalLurigancho,7705-SARA,TiMOS-B-6.1.R6
rCSRPereyra,7705-SARA,TiMOS-B-6.1.R6
rCSRPerez,7705-SARA,TiMOS-B-6.1.R6
rCSRPerezAranibar,7705-SARA,TiMOS-B-6.1.R6
rCSRPerseverancia,7705-SARM,TiMOS-B-6.1.R6
rCSRPershing,7705-SARA,TiMOS-B-6.1.R6
rCSRPeruanoJapones,7705-SARM,TiMOS-B-6.1.R6
rCSRPesqueroCallao,7705-SARA,TiMOS-B-6.1.R6
rCSRPetroPeru,7705-SARA,TiMOS-B-6.1.R6
rCSRPezuela,7705-SARM,TiMOS-B-6.1.R6
rCSRPierola,7705-SARF,TiMOS-B-6.1.R6
rCSRPimentelCentro,7705-SARA,TiMOS-B-6.1.R6
rCSRPinedaArce,7705-SARA,TiMOS-B-6.1.R6
rCSRPinto,7705-SARM,TiMOS-B-6.1.R6
rCSRPioPata,7705-SARA,TiMOS-B-6.1.R6
rCSRPisac,7705-SARA,TiMOS-B-6.1.R6
rCSRPiscacucho,7705-SARA,TiMOS-B-6.1.R6
rCSRPizarro,7705-SARM,TiMOS-B-6.1.R6
rCSRPlayaArica,7705-SARA,TiMOS-B-6.1.R6
rCSRPlayaAsia2,7705-SARM,TiMOS-B-6.1.R6
rCSRPlayaBarranca,7705-SARA,TiMOS-B-6.1.R6
rCSRPlayaBlancaPachacutec,7705-SARA,TiMOS-B-6.1.R6
rCSRPlayaHuacho,7705-SARA,TiMOS-B-6.1.R6
rCSRPlayaHuacho2,7705-SARA,TiMOS-B-6.1.R6
rCSRPlayaLosPulpos,7705-SARA,TiMOS-B-6.1.R6
rCSRPlayaPtaHermosa,7705-SARM,TiMOS-B-6.1.R6
rCSRPlayaRimac,7705-SARF,TiMOS-B-6.1.R6
rCSRPlayaSanBartolo,7705-SARM,TiMOS-B-6.1.R6
rCSRPlayaSenoritas,7705-SARM,TiMOS-B-6.1.R6
rCSRPlayaSolimar,7705-SARA,TiMOS-B-6.1.R6
rCSRPlayaSupe,7705-SARA,TiMOS-B-6.1.R6
rCSRPlazaAbancay,7705-SARA,TiMOS-B-6.1.R6
rCSRPlazaBarranco,7705-SARA,TiMOS-B-6.1.R6
rCSRPlazaButters,7705-SARM,TiMOS-B-6.1.R6
rCSRPlazaCalca,7705-SARA,TiMOS-B-6.1.R6
rCSRPlazaChiclayo,7705-SARM,TiMOS-B-6.1.R6
rCSRPlazadeAcho,7705-SARM,TiMOS-B-6.1.R6
rCSRPlazadeArmasHuacho,7705-SARA,TiMOS-B-6.1.R6
rCSRPlazadeToros,7705-SARM,TiMOS-B-6.1.R6
rCSRPlazaHuaral,7705-SARA,TiMOS-B-6.1.R6
rCSRPlazaJesusMaria,7705-SARM,TiMOS-B-6.1.R6
rCSRPlazaLaMerced,7705-SARF,TiMOS-B-6.1.R6
rCSRPlazaLimaSur,7705-SARA,TiMOS-B-6.1.R6
rCSRPlazaSanJeronimo,7705-SARA,TiMOS-B-6.1.R6
rCSRPlazaSanMiguel,7705-SARA,TiMOS-B-6.1.R6
rCSRPlazaSanMiguel2,7705-SARA,TiMOS-B-6.1.R6
rCSRPlazaTacna,7705-SARM,TiMOS-B-6.1.R6
rCSRPlazaunion,7705-SARM,TiMOS-B-6.1.R6
rCSRPlazaVeaCusco,7705-SARA,TiMOS-B-6.1.R6
rCSRPlazaVeaLosOlivos,7705-SARM,TiMOS-B-6.1.R6
rCSRPlazaVeaPuno,7705-SARA,TiMOS-B-6.1.R6
rCSRPlazaVeaSantaAnita,7705-SARA,TiMOS-B-6.1.R6
rCSRPleyades,7705-SARA,TiMOS-B-6.1.R6
rCSRPocollay,7705-SARM,TiMOS-B-6.1.R6
rCSRPoetasPeruanos,7705-SARA,TiMOS-B-6.1.R6
rCSRPolvoRosado,7705-SARA,TiMOS-B-6.1.R6
rCSRPolvosAzules,7705-SARF,TiMOS-B-6.1.R6
rCSRPopAeropuerto,7705-SARF,TiMOS-B-6.1.R6
rCSRPOPAsia,7705-SARM,TiMOS-B-6.1.R6
rCSRPOPAviacion,7705-SARM,TiMOS-B-6.1.R6
rCSRPOPCamacho2,7705-SARM,TiMOS-B-6.1.R6
rCSRPOPCEmpSanIsidro,7705-SARM,TiMOS-B-6.1.R6
rCSRPOPCePardo,7705-SARM,TiMOS-B-6.1.R6
rCSRPOPChacarilla,7705-SARM,TiMOS-B-6.1.R6
rCSRPopChinchon,7705-SARA,TiMOS-B-6.1.R6
rCSRPOPChorrillos,7705-SARM,TiMOS-B-6.1.R6
rCSRPOPColonial,7705-SARM,TiMOS-B-6.1.R6
rCSRPOPCotabambas,7705-SARM,TiMOS-B-6.1.R6
rCSRPOPFermi,7705-SARM,TiMOS-B-6.1.R6
rCSRPOPGarzon,7705-SARM,TiMOS-B-6.1.R6
rCSRPopHuanuco,7705-SARA,TiMOS-B-6.1.R6
rCSRPOPInternetClubPeru,7705-SARF,TiMOS-B-6.1.R6
rCSRPOPLaMolina,7705-SARM,TiMOS-B-6.1.R6
rCSRPOPLosOlivos,7705-SARM,TiMOS-B-6.1.R6
rCSRPOPLosOlivos2,7705-SARF,TiMOS-B-6.1.R6
rCSRPOPMonterrico,7705-SARM,TiMOS-B-6.1.R6
rCSRPopMoquegua,7705-SARA,TiMOS-B-6.1.R6
rCSRPopPando,7705-SARM,TiMOS-B-6.1.R6
rCSRPOPPardoyAliaga,7705-SARM,TiMOS-B-6.1.R6
rCSRPOPRafaelEscardo,7705-SARF,TiMOS-B-6.1.R6
rCSRPOPSaladium,7705-SARM,TiMOS-B-6.1.R6
rCSRPOPSanFelipe,7705-SARM,TiMOS-B-6.1.R6
rCSRPOPSanFelipe2,7705-SARA,TiMOS-B-6.1.R6
rCSRPOPSanLuis,7705-SARM,TiMOS-B-6.1.R6
rCSRPOPSantaLuzmila,7705-SARM,TiMOS-B-6.1.R6
rCSRPOPTorreLarcoMar,7705-SARA,TiMOS-B-6.1.R6
rCSRPopVallejo,7705-SARA,TiMOS-B-6.1.R6
rCSRPortadadelSol,7705-SARM,TiMOS-B-6.1.R6
rCSRPortocarrero,7705-SARA,TiMOS-B-6.1.R6
rCSRPostesRPP,7705-SARM,TiMOS-B-6.1.R6
rCSRPQJoseAbelardoSM02,7705-SARA,TiMOS-B-6.1.R6
rCSRPqJuanXXIII,7705-SARA,TiMOS-B-6.1.R6
rCSRPqSimonBolivarP5SM,7705-SARA,TiMOS-B-6.1.R6
rCSRPraga,7705-SARA,TiMOS-B-6.1.R6
rCSRPreLima,7705-SARM,TiMOS-B-6.1.R6
rCSRPresbiteroMaestro,7705-SARM,TiMOS-B-6.1.R6
rCSRPrescott,7705-SARA,TiMOS-B-6.1.R6
rCSRPrimavera,7705-SARA,TiMOS-B-6.1.R6
rCSRPrimaveraCusco,7705-SARA,TiMOS-B-6.1.R6
rCSRPrincipal,7705-SARA,TiMOS-B-6.1.R6
rCSRProceres,7705-SARA,TiMOS-B-6.1.R6
rCSRProfuturo,7705-SARM,TiMOS-B-6.1.R6
rCSRProgresoCastilla,7705-SARA,TiMOS-B-6.1.R6
rCSRProlongacionAvEjercito,7705-SARM,TiMOS-B-6.1.R6
rCSRPronaaCusco,7705-SARA,TiMOS-B-6.1.R6
rCSRPSB07Redi,7705-SARA,TiMOS-B-6.1.R6
rCSRPucachupa,7705-SARA,TiMOS-B-6.0.R2
rCSRPucp,7705-SARM,TiMOS-B-6.1.R6
rCSRPuenteAlipio,7705-SARA,TiMOS-B-6.1.R6
rCSRPuenteBlanco,7705-SARM,TiMOS-B-6.1.R6
rCSRPuenteGrau,7705-SARA,TiMOS-B-6.1.R6
rCSRPuenteNuevo,7705-SARA,TiMOS-B-6.1.R6
rCSRPuenteQuinhones,7705-SARA,TiMOS-B-6.1.R6
rCSRPuerta5Uni,7705-SARF,TiMOS-B-6.1.R6
rCSRPuertoBarrios,7705-SARA,TiMOS-B-6.1.R6
rCSRPuertoIquitos,7705-SARA,TiMOS-B-6.1.R6
rCSRPuertoMaldonado,7705-SARM,TiMOS-B-6.1.R6
rCSRPuertoMaldonado2,7705-SARM,TiMOS-B-6.1.R6
rCSRPuertoMaldonado3,7705-SAR8,TiMOS-B-6.1.R6
rCSRPuntaDelEste,7705-SARA,TiMOS-B-6.1.R6
rCSRPuntaRocas,7705-SARA,TiMOS-B-6.1.R6
rCSRPuquio,7705-SARA,TiMOS-B-6.1.R6
rCSRQuillabamba,7705-SARA,TiMOS-B-6.1.R6
rCSRQuillabamba2,7705-SARA,TiMOS-B-6.1.R6
rCSRQuipa,7705-SARA,TiMOS-B-6.1.R6
rCSRQuiquijanaCusipata,7705-SARA,TiMOS-B-6.1.R6
rCSRQuispicanchi,7705-SARA,TiMOS-B-6.1.R6
rCSRRadioAzul,7705-SARA,TiMOS-B-6.1.R6
rCSRRafaelCaceres,7705-SARM,TiMOS-B-6.1.R6
rCSRRaimondi,7705-SARA,TiMOS-B-6.1.R6
rCSRRamirezdelVillar,7705-SARA,TiMOS-B-6.1.R6
rCSRRamonCastilla,7705-SARM,TiMOS-B-6.1.R6
rCSRRealPlazaCentroCivico,7705-SARA,TiMOS-B-6.1.R6
rCSRRealPlazaChorrillos,7705-SARM,TiMOS-B-6.1.R6
rCSRRealPlazaHuanuco,7705-SARA,TiMOS-B-6.1.R6
rCSRRealPlazaJesusMaria,7705-SARA,TiMOS-B-6.1.R6
rCSRRealPlazaProIndoor,7705-SARA,TiMOS-B-6.1.R6
rCSRRealPlazaPucallpa,7705-SARA,TiMOS-B-6.1.R6
rCSRRecaudadores,7705-SARA,TiMOS-B-6.1.R6
rCSRRecoleta,7705-SARA,TiMOS-B-6.1.R6
rCSRReformaRimac,7705-SARA,TiMOS-B-6.1.R6
rCSRRemo,7705-SARM,TiMOS-B-6.1.R6
rCSRReniec,7705-SARM,TiMOS-B-6.1.R6
rCSRRepublicadeVenezuela,7705-SARM,TiMOS-B-6.1.R6
rCSRResidencialLomada,7705-SARA,TiMOS-B-6.1.R6
rCSRRevolucion,7705-SARF,TiMOS-B-6.1.R6
rCSRRevolucionVilla,7705-SARA,TiMOS-B-6.1.R6
rCSRRicardoPalma,7705-SARA,TiMOS-B-6.1.R6
rCSRRicardoPalmaIndoor,7705-SARM,TiMOS-B-6.1.R6
rCSRRimacCallao,7705-SARA,TiMOS-B-6.1.R6
rCSRRinconadaAlta,7705-SARA,TiMOS-B-6.1.R6
rCSRRinconadaHuacachina,7705-SARA,TiMOS-B-6.1.R6
rCSRRinconCervecero,7705-SARM,TiMOS-B-6.1.R6
rCSRRioIca,7705-SARA,TiMOS-B-6.1.R6
rCSRRipleyIndoor,7705-SARM,TiMOS-B-6.1.R6
rCSRRipleyMiraflores,7705-SARA,TiMOS-B-6.1.R6
rCSRRivaAguero,7705-SARM,TiMOS-B-6.1.R6
rCSRRivadavia2,7705-SARA,TiMOS-B-6.1.R6
rCSRRiveraNavarrete,7705-SARA,TiMOS-B-6.1.R6
rCSRRocaVergallo,7705-SARM,TiMOS-B-6.1.R6
rCSRRocheindoor,7705-SARM,TiMOS-B-6.1.R6
rCSRRodolfoRutte,7705-SARA,TiMOS-B-6.1.R6
rCSRRoosevelt,7705-SARA,TiMOS-B-6.1.R6
rCSRRosaLuz,7705-SARA,TiMOS-B-6.0.R2
rCSRRosaToro,7705-SARM,TiMOS-B-6.1.R6
rCSRRoyalInkaPisac,7705-SARA,TiMOS-B-6.1.R6
rCSRRPP,7705-SARF,TiMOS-B-6.1.R6
rCSRSacramento,7705-SARF,TiMOS-B-6.1.R6
rCSRSacsayhuaman,7705-SARA,TiMOS-B-6.1.R6
rCSRSaenzPena,7705-SARM,TiMOS-B-6.1.R6
rCSRSaenzPenaChimbote,7705-SARM,TiMOS-B-6.1.R6
rCSRSagaIndoor,7705-SARM,TiMOS-B-6.1.R6
rCSRSagaPiura,7705-SARM,TiMOS-B-6.1.R6
rCSRSagitario,7705-SARA,TiMOS-B-6.1.R6
rCSRSalaverryQuinones,7705-SARA,TiMOS-B-6.1.R6
rCSRSalcedo,7705-SARA,TiMOS-B-6.1.R6
rCSRSanAgustin,7705-SARM,TiMOS-B-6.1.R6
rCSRSAnAlejandro,7705-SARA,TiMOS-B-6.1.R6
rCSRSanAlejandrodeUcayali,7705-SARA,TiMOS-B-6.1.R6
rCSRSanAndres,7705-SARM,TiMOS-B-6.1.R6
rCSRSanAntoniodeCusco,7705-SARA,TiMOS-B-6.1.R6
rCSRSanAugusto,7705-SARA,TiMOS-B-6.1.R6
rCSRSanBernardo,7705-SARA,TiMOS-B-6.1.R6
rCSRSanBlas,7705-SARA,TiMOS-B-6.1.R6
rCSRSanBorjaSur,7705-SARM,TiMOS-B-6.1.R6
rCSRSanCarlos,7705-SARA,TiMOS-B-6.0.R2
rCSRSanchezCerro,7705-SARM,TiMOS-B-6.1.R6
rCSRSanDiego,7705-SARF,TiMOS-B-6.1.R6
rCSRSanDiegodeAlcala,7705-SARA,TiMOS-B-6.1.R6
rCSRSanEnrique,7705-SARF,TiMOS-B-6.1.R6
rCSRSanEugenio2,7705-SARF,TiMOS-B-6.1.R6
rCSRSanFelipe,7705-SARM,TiMOS-B-6.1.R6
rCSRSanFrancisco,7705-SARM,TiMOS-B-6.1.R6
rCSRSangarara,7705-SARA,TiMOS-B-6.1.R6
rCSRSanHilarion,7705-SARM,TiMOS-B-6.1.R6
rCSRSanIgnacioLoyola,7705-SARM,TiMOS-B-6.1.R6
rCSRSaniHold,7705-SARA,TiMOS-B-6.1.R6
rCSRSanIsidro,7705-SARM,TiMOS-B-6.1.R6
rCSRSanJeronimo,7705-SARA,TiMOS-B-6.1.R6
rCSRSanJosedeChiclayo,7705-SARM,TiMOS-B-6.1.R6
rCSRSanJuan,7705-SARA,TiMOS-B-6.1.R6
rCSRSanJuandeDios,7705-SARM,TiMOS-B-6.1.R6
rCSRSanMarcos,7705-SARM,TiMOS-B-6.1.R6
rCSRSanMarcosTacna,7705-SARM,TiMOS-B-6.1.R6
rCSRSanMarcosUniversitariaSM07,7705-SARA,TiMOS-B-6.1.R6
rCSRSanMartin,7705-SARA,TiMOS-B-6.1.R6
rCSRSanMartinCarabayllo,7705-SARF,TiMOS-B-6.1.R6
rCSRSanNicolas,7705-SARM,TiMOS-B-6.1.R6
rCSRSanPabloArequipa,7705-SARM,TiMOS-B-6.1.R6
rCSRSanPedroDeLloc,7705-SARA,TiMOS-B-6.1.R6
rCSRSanRamon,7705-SARA,TiMOS-B-6.1.R6
rCSRSanRemo,7705-SARA,TiMOS-B-6.1.R6
rCSRSanRoman,7705-SARM,TiMOS-B-6.1.R6
rCSRSantaAdela,7705-SARA,TiMOS-B-6.1.R6
rCSRSantaAnita,7705-SARA,TiMOS-B-6.1.R6
rCSRSantaCatalina,7705-SARA,TiMOS-B-6.1.R6
rCSRSantaCecilia,7705-SARF,TiMOS-B-6.1.R6
rCSRSantaClara,7705-SARA,TiMOS-B-6.1.R6
rCSRSantaCruz2,7705-SARM,TiMOS-B-6.1.R6
rCSRSantaFe,7705-SARA,TiMOS-B-6.1.R6
rCSRSantaFelicia,7705-SARA,TiMOS-B-6.1.R6
rCSRSantaInes,7705-SARA,TiMOS-B-6.1.R6
rCSRSantaIsabel,7705-SARM,TiMOS-B-6.1.R6
rCSRSantaJacinta,7705-SARA,TiMOS-B-6.1.R6
rCSRSantaJuana,7705-SARA,TiMOS-B-6.1.R6
rCSRSantaMaria,7705-SARA,TiMOS-B-6.1.R6
rCSRSantaMarina,7705-SARM,TiMOS-B-6.1.R6
rCSRSantaPatricia,7705-SARA,TiMOS-B-6.1.R6
rCSRSantaRosadeLima,7705-SARM,TiMOS-B-6.1.R6
rCSRSantaRosaJunin,7705-SARA,TiMOS-B-6.1.R6
rCSRSantaRosaPuno,7705-SARA,TiMOS-B-6.1.R6
rCSRSantaSofia,7705-SARM,TiMOS-B-6.1.R6
rCSRSantaTeresa,7705-SARA,TiMOS-B-6.1.R6
rCSRSantaVictoria,7705-SARM,TiMOS-B-6.1.R6
rCSRSanTeodoro,7705-SARM,TiMOS-B-6.1.R6
rCSRSantiago,7705-SARA,TiMOS-B-6.1.R6
rCSRSantoDomingo,7705-SARM,TiMOS-B-6.1.R6
rCSRSantosChocano,7705-SARA,TiMOS-B-6.1.R6
rCSRSantosDumont,7705-SARA,TiMOS-B-6.1.R6
rCSRSantoToribio,7705-SARA,TiMOS-B-6.1.R6
rCSRSanVicentedeCanete,7705-SAR8v2,TiMOS-B-6.1.R6
rCSRSarapampa1,7705-SARA,TiMOS-B-6.1.R6
rCSRSarapampa2,7705-SARA,TiMOS-B-6.1.R6
rCSRSauces,7705-SARA,TiMOS-B-6.1.R6
rCSRSchell,7705-SARA,TiMOS-B-6.1.R6
rCSRScotiabankindoor,7705-SARA,TiMOS-B-6.1.R6
rCSRSebastianGamarra,7705-SARM,TiMOS-B-6.1.R6
rCSRSebastianSalinas,7705-SARA,TiMOS-B-6.1.R6
rCSRSedapal,7705-SARA,TiMOS-B-6.1.R6
rCSRSedeTecnologica,7705-SARA,TiMOS-B-6.1.R6
rCSRSenatiVilla,7705-SARA,TiMOS-B-6.1.R6
rCSRSenorBotija,7705-SARA,TiMOS-B-6.1.R6
rCSRSergioBernales,7705-SARM,TiMOS-B-6.1.R6
rCSRSharon,7705-SARM,TiMOS-B-6.1.R6
rCSRSheratonIndoor,7705-SARA,TiMOS-B-6.1.R6
rCSRShubelTrujillo,7705-SARA,TiMOS-B-6.1.R6
rCSRSicilia,7705-SARA,TiMOS-B-6.1.R6
rCSRSicuani,7705-SARA,TiMOS-B-6.1.R6
rCSRSicuaniCiudad,7705-SARA,TiMOS-B-6.1.R6
rCSRSierraMorena,7705-SARA,TiMOS-B-6.1.R6
rCSRSieteAngelitos,7705-SARA,TiMOS-B-6.1.R6
rCSRSigloXX,7705-SARA,TiMOS-B-6.1.R6
rCSRSigloXXI,7705-SARM,TiMOS-B-6.1.R6
rCSRSinchiRoca,7705-SARM,TiMOS-B-6.1.R6
rCSRSirenasQuillabamba,7705-SARA,TiMOS-B-6.1.R6
rCSRSisol,7705-SARA,TiMOS-B-6.1.R6
rCSRSmartCenterIca,7705-SARM,TiMOS-B-6.1.R6
rCSRSocabaya,7705-SARA,TiMOS-B-6.1.R6
rCSRSocabaya2,7705-SARA,TiMOS-B-6.1.R6
rCSRSodimacJockeyPlaza,7705-SARF,TiMOS-B-6.1.R6
rCSRSodimacjvPrado,7705-SARA,TiMOS-B-6.1.R6
rCSRSodimacLaMarina,7705-SARA,TiMOS-B-6.1.R6
rCSRSodimacSantaAnita,7705-SARA,TiMOS-B-6.1.R6
rCSRSolYLunaJuliaca,7705-SARA,TiMOS-B-6.1.R6
rCSRSotanoWestin,7705-SARF,TiMOS-B-6.1.R6
rCSRSouzaBarranco,7705-SARA,TiMOS-B-6.1.R6
rCSRSoyuz,7705-SARM,TiMOS-B-5.0.R2
rCSRStenica,7705-SARA,TiMOS-B-6.1.R6
rCSRSullanaAmbev,7705-SARA,TiMOS-B-6.1.R6
rCSRSurcoViejo,7705-SARA,TiMOS-B-6.1.R6
rCSRTacna,7705-SARA,TiMOS-B-6.1.R6
rCSRTacnaAlta,7705-SARM,TiMOS-B-6.1.R6
rCSRTacnaCentro,7705-SARM,TiMOS-B-6.1.R6
rCSRTahuaycani,7705-SARM,TiMOS-B-6.1.R6
rCSRTalara,7705-SARA,TiMOS-B-6.1.R6
rCSRTalavera,7705-SARA,TiMOS-B-6.1.R6
rCSRtallanes,7705-SARA,TiMOS-B-6.1.R6
rCSRTamayo,7705-SARM,TiMOS-B-6.1.R6
rCSRTamboDeMonterrico,7705-SARA,TiMOS-B-6.1.R6
rCSRTamboGrande,7705-SARA,TiMOS-B-6.1.R6
rCSRTamboMachay,7705-SARA,TiMOS-B-6.1.R6
rCSRTamboViejo,7705-SARA,TiMOS-B-6.1.R6
rCSRTarma,7705-SARA,TiMOS-B-6.1.R6
rCSRTavara,7705-SARA,TiMOS-B-6.1.R6
rCSRTeatroMunicipal,7705-SARM,TiMOS-B-6.1.R6
rCSRTelepuertoTelmex,7705-SARA,TiMOS-B-6.1.R6
rCSRTelmexCuripata,7705-SARA,TiMOS-B-6.1.R6
rCSRTenaud,7705-SARA,TiMOS-B-6.1.R6
rCSRTerminalFiori,7705-SARF,TiMOS-B-6.1.R6
rCSRTextiles,7705-SARM,TiMOS-B-6.1.R6
rCSRTierraPrometida,7705-SARA,TiMOS-B-6.1.R6
rCSRTingoMaria,7705-SARA,TiMOS-B-6.1.R6
rCSRTinta,7705-SARA,TiMOS-B-6.1.R6
rCSRTiziano,7705-SARM,TiMOS-B-6.1.R6
rCSRTizon,7705-SARA,TiMOS-B-6.1.R6
rCSRTomasMarsano,7705-SARA,TiMOS-B-6.1.R6
rCSRTomasValle,7705-SARM,TiMOS-B-6.1.R6
rCSRTorreCorporativaClaroIndoor,7705-SARA,TiMOS-B-6.1.R6
rCSRTorreelPinar1,7705-SARM,TiMOS-B-6.1.R6
rCSRTorreInterbank,7705-SARM,TiMOS-B-6.1.R6
rCSRTorreParqueMarIndoor,7705-SARM,TiMOS-B-6.1.R6
rCSRTorreTorre,7705-SARA,TiMOS-B-6.0.R2
rCSRTorreWiesse,7705-SARA,TiMOS-B-6.1.R6
rCSRTotoritas,7705-SARA,TiMOS-B-6.1.R6
rCSRTottusAtocongo,7705-SARA,TiMOS-B-6.1.R6
rCSRTottusHuanuco,7705-SARA,TiMOS-B-6.1.R6
rCSRTottusJockeyPlaza,7705-SARM,TiMOS-B-6.1.R6
rCSRTottusLosOlivos,7705-SARA,TiMOS-B-6.1.R6
rCSRTottusMegaplaza,7705-SARA,TiMOS-B-6.1.R6
rCSRTottusPuentePiedraIndoor,7705-SARA,TiMOS-B-6.1.R6
rCSRTrapiche,7705-SARM,TiMOS-B-6.1.R6
rCSRTrebolJavierPrado,7705-SARM,TiMOS-B-6.1.R6
rCSRTrebolPuentePiedra,7705-SARM,TiMOS-B-6.1.R6
rCSRTrebolPuentePiedra02,7705-SARA,TiMOS-B-6.1.R6
rCSRTrebolViaExpresa,7705-SARM,TiMOS-B-6.1.R6
rCSRTrenArtesanias,7705-SARA,TiMOS-B-6.1.R6
rCSRTresCaballos,7705-SARA,TiMOS-B-6.1.R6
rCSRTresGallos,7705-SARA,TiMOS-B-6.1.R6
rCSRTrincheraNorte,7705-SARM,TiMOS-B-6.1.R6
rCSRTroncoso,7705-SARM,TiMOS-B-6.1.R6
rCSRTruckCerroJuli,7705-SARM,TiMOS-B-6.1.R6
rCSRTruckMonumental,7705-SARA,TiMOS-B-6.1.R6
rCSRTruckRansa,7705-SARM,TiMOS-B-6.1.R6
rCSRTrujillo,7705-SARA,TiMOS-B-6.1.R6
rCSRTrujilloCentro,7705-SARM,TiMOS-B-6.1.R6
rCSRTrupal,7705-SARA,TiMOS-B-6.1.R6
rCSRTudelayVarela,7705-SARA,TiMOS-B-6.1.R6
rCSRTumbes,7705-SARM,TiMOS-B-6.1.R6
rCSRTumbesCentro,7705-SARA,TiMOS-B-6.1.R6
rCSRTumbesMoralesDuarez,7705-SARM,TiMOS-B-6.1.R6
rCSRTunesa,7705-SARA,TiMOS-B-6.1.R6
rCSRTupacAmaru,7705-SARM,TiMOS-B-6.1.R6
rCSRTupacAmaruTrujillo,7705-SARA,TiMOS-B-6.1.R6
rCSRUcupe,7705-SARA,TiMOS-B-6.1.R6
rCSRUDCH,7705-SARA,TiMOS-B-6.1.R6
rCSRUgarte,7705-SARA,TiMOS-B-6.1.R6
rCSRUmacollo,7705-SARA,TiMOS-B-6.1.R6
rCSRUnanue,7705-SARM,TiMOS-B-6.1.R6
rCSRUnc,7705-SARA,TiMOS-B-6.1.R6
rCSRUnger,7705-SARM,TiMOS-B-6.1.R6
rCSRUnicachiSur,7705-SARA,TiMOS-B-6.1.R6
rCSRUnionARQ,7705-SARA,TiMOS-B-6.1.R6
rCSRUnionLeticia,7705-SARA,TiMOS-B-6.1.R6
rCSRUniversidadAlasPeruanas,7705-SARM,TiMOS-B-6.1.R6
rCSRUniversidadLaAgraria,7705-SARA,TiMOS-B-6.1.R6
rCSRUniversidadLaSalle,7705-SARA,TiMOS-B-6.1.R6
rCSRUniversitaria,7705-SARM,TiMOS-B-6.1.R6
rCSRUnsaac,7705-SARA,TiMOS-B-6.1.R6
rCSRUnu,7705-SAR8,TiMOS-B-6.1.R6
rCSRUpc,7705-SARA,TiMOS-B-6.1.R6
rCSRUPCCampusVilla,7705-SARA,TiMOS-B-6.1.R6
rCSRUPCIndoor,7705-SARM,TiMOS-B-6.1.R6
rCSRUPCSanMiguel,7705-SARA,TiMOS-B-6.1.R6
rCSRUplaHuancayo,7705-SARA,TiMOS-B-6.1.R6
rCSRUpnLimaIndoor,7705-SARA,TiMOS-B-6.1.R6
rCSRUPNTrujillo,7705-SARA,TiMOS-B-6.1.R6
rCSRUpTacna,7705-SARA,TiMOS-B-6.1.R6
rCSRUraHuaura,7705-SARA,TiMOS-B-6.1.R6
rCSRUrbAmauta,7705-SARA,TiMOS-B-6.1.R6
rCSRUrbanizacionVillareal,7705-SARM,TiMOS-B-6.1.R6
rCSRUrbFatima,7705-SARA,TiMOS-B-6.0.R5
rCSRUrbMagisterial,7705-SARM,TiMOS-B-6.1.R6
rCSRUrbPalominoMiller,7705-SARA,TiMOS-B-6.1.R6
rCSRUrbSantoDomingo,7705-SARM,TiMOS-B-6.1.R6
rCSRUrcos,7705-SARA,TiMOS-B-6.1.R6
rCSRUripa,7705-SARA,TiMOS-B-6.1.R6
rCSRUripaChincheros,7705-SARA,TiMOS-B-6.1.R6
rCSRUrquillos,7705-SARA,TiMOS-B-6.1.R6
rCSRUrubamba,7705-SARA,TiMOS-B-6.1.R6
rCSRUruguay,7705-SARM,TiMOS-B-6.1.R6
rCSRUsmpSantaAnita,7705-SARA,TiMOS-B-6.1.R6
rCSRValderrama,7705-SARM,TiMOS-B-6.1.R6
rCSRVallecito,7705-SARM,TiMOS-B-6.1.R6
rCSRVallejoTrujillo,7705-SARA,TiMOS-B-6.1.R6
rCSRVargas,7705-SARA,TiMOS-B-6.1.R6
rCSRVascoNunes,7705-SARA,TiMOS-B-6.1.R6
rCSRVelascoAstete,7705-SARA,TiMOS-B-6.1.R6
rCSRVenezuela,7705-SARA,TiMOS-B-6.1.R6
rCSRVentanillaBaja,7705-SARM,TiMOS-B-6.1.R6
rCSRVenturo,7705-SARM,TiMOS-B-6.1.R6
rCSRVeranoSanBartolo,7705-SARA,TiMOS-B-6.1.R6
rCSRVesaglio,7705-SARA,TiMOS-B-6.1.R6
rCSRVespuccio,7705-SARA,TiMOS-B-6.1.R6
rCSRVictorFajardo,7705-SARA,TiMOS-B-6.1.R6
rCSRViena,7705-SARA,TiMOS-B-6.1.R6
rCSRVilcabamba,7705-SARA,TiMOS-B-6.1.R6
rCSRVillaDelLago,7705-SARA,TiMOS-B-6.1.R6
rCSRVillaDelMar,7705-SARM,TiMOS-B-6.1.R6
rCSRVilladelNorte,7705-SARA,TiMOS-B-6.1.R6
rCSRVillaEste,7705-SARM,TiMOS-B-6.1.R6
rCSRVillaHermosa,7705-SARM,TiMOS-B-6.1.R6
rCSRVillaManuelito,7705-SARA,TiMOS-B-6.1.R6
rCSRVillanueva,7705-SARM,TiMOS-B-6.1.R6
rCSRVillaran,7705-SARA,TiMOS-B-6.1.R6
rCSRVillarreal,7705-SARA,TiMOS-B-6.1.R6
rCSRVillaSol,7705-SARA,TiMOS-B-6.1.R6
rCSRVillavicencioChimbo,7705-SARM,TiMOS-B-6.1.R6
rCSRVinani,7705-SARA,TiMOS-B-6.1.R6
rCSRVipol,7705-SARA,TiMOS-B-6.1.R6
rCSRVirgenCopacabana,7705-SARA,TiMOS-B-6.1.R6
rCSRVistaAlegre,7705-SARA,TiMOS-B-6.1.R6
rCSRVistaAlegre2,7705-SARM,TiMOS-B-6.1.R6
rCSRVistaAlegre3,7705-SARA,TiMOS-B-6.1.R6
rCSRViza,7705-SARM,TiMOS-B-6.1.R6
rCSRWashington,7705-SARA,TiMOS-B-6.1.R6
rCSRWiesse,7705-SARA,TiMOS-B-6.1.R6
rCSRWilson,7705-SARM,TiMOS-B-6.1.R6
rCSRWimpillay,7705-SARA,TiMOS-B-6.1.R6
rCSRWongCamacho,7705-SARA,TiMOS-B-6.1.R6
rCSRWongChacarilla,7705-SARA,TiMOS-B-6.1.R6
rCSRYanahuara,7705-SARM,TiMOS-B-6.1.R6
rCSRYaracmarca,7705-SARA,TiMOS-B-6.1.R6
rCSRYarinacocha,7705-SARA,TiMOS-B-6.0.R2
rCSRYobelCercado,7705-SARA,TiMOS-B-6.1.R6
rCSRYuriGagarin,7705-SARA,TiMOS-B-6.1.R6
rCSRZafirosSanJuan,7705-SARA,TiMOS-B-6.1.R6
rCSRZamacola,7705-SARM,TiMOS-B-6.1.R6
rCSRZarate,7705-SARM,TiMOS-B-6.1.R6
rCSRZepita,7705-SARM,TiMOS-B-6.1.R6
rCSRZorritos,7705-SARA,TiMOS-B-6.1.R6
rCSRZotac,7705-SARM,TiMOS-B-6.1.R6
rMPLSPolo1RR10,7750-SRa4,TiMOS-C-12.0.R13
rMPLSVillaSalvadorRR09,7750-SRa4,TiMOS-C-12.0.R13
SeGW-101A,7750-SR7,TiMOS-C-12.0.R5
SeGW-101B,7750-SR7,TiMOS-C-12.0.R5
SMT-AGU-AN01,7705-SAR8,TiMOS-B-6.1.R6
SMT-MO2-AN01,7705-SAR8,TiMOS-B-6.1.R6
SMT-MO2-DN01,7750-SR7,TiMOS-C-12.0.R2
SMT-MOC-AN01,7705-SAR8v2,TiMOS-B-6.1.R6
SMT-MOY-AN01,7705-SAR8v2,TiMOS-B-6.1.R6
SMT-TCC-AN01,7705-SAR8,TiMOS-B-6.1.R6
SMT-TRS-AN01,7705-SAR8,TiMOS-B-6.1.R6
TAC-CPR-AN01,7705-SAR8,TiMOS-B-6.1.R6
TAC-CPR-DN01,7750-SR7,TiMOS-C-12.0.R2
TAC-NTC-AN01,7705-SAR8,TiMOS-B-6.1.R6
TAC-NTC-DN01,7750-SR7,TiMOS-C-12.0.R2
TAC-PDI-DN01,7750-SR7,TiMOS-C-12.0.R2
TAC-TCA-AN01,7705-SAR8,TiMOS-B-6.1.R6
TAC-TCA-DN01,7750-SRc12,TiMOS-B-12.0.R2
TAC-TCC-AN01,7705-SAR8,TiMOS-B-6.1.R6
TMB-GRM-AN01,7705-SAR8,TiMOS-B-6.1.R6
TMB-GRM-DN01,7750-SR7,TiMOS-C-12.0.R2
UCA-PCC-AN01,7705-SAR8,TiMOS-B-6.1.R6
UCA-PCC-DN01,7750-SRc12,TiMOS-B-12.0.R2
